pair_id,pair_order,pair_mode,kernel_i,kernel_j,sample_i_id,sample_j_id,sample_i_split,sample_j_split,sample_i_target,sample_j_target,pair_type,split_pair,target_pair,expected_symmetry_mirror,include_in_wave1_full_kernel,sentinel_pair,notes
zz4_pair_0000,0,upper_triangle_including_diagonal,0,0,03e42d1f15d8234c,03e42d1f15d8234c,,,,,diagonal,,,false,true,false,diagonal may be measured or set to one by documented execution policy
zz4_pair_0001,1,upper_triangle_including_diagonal,0,1,03e42d1f15d8234c,7bf1852bcd51a5df,,,,,off_diagonal,,,true,true,false,
zz4_pair_0002,2,upper_triangle_including_diagonal,0,2,03e42d1f15d8234c,634801d7e3c839d3,,,,,off_diagonal,,,true,true,false,
zz4_pair_0003,3,upper_triangle_including_diagonal,0,3,03e42d1f15d8234c,3bcb72be19f6891f,,,,,off_diagonal,,,true,true,false,
zz4_pair_0004,4,upper_triangle_including_diagonal,0,4,03e42d1f15d8234c,35e7dd29fccb3b7f,,,,,off_diagonal,,,true,true,false,
zz4_pair_0005,5,upper_triangle_including_diagonal,0,5,03e42d1f15d8234c,2e9466b16a3fda6e,,,,,off_diagonal,,,true,true,false,
zz4_pair_0006,6,upper_triangle_including_diagonal,0,6,03e42d1f15d8234c,ab4dc42e7cd1e078,,,,,off_diagonal,,,true,true,false,
zz4_pair_0007,7,upper_triangle_including_diagonal,0,7,03e42d1f15d8234c,dff67452baae875f,,,,,off_diagonal,,,true,true,false,
zz4_pair_0008,8,upper_triangle_including_diagonal,0,8,03e42d1f15d8234c,57efcbdd988cedc7,,,,,off_diagonal,,,true,true,false,
zz4_pair_0009,9,upper_triangle_including_diagonal,0,9,03e42d1f15d8234c,a5b2112c04bbe22f,,,,,off_diagonal,,,true,true,false,
zz4_pair_0010,10,upper_triangle_including_diagonal,0,10,03e42d1f15d8234c,bba597289cecd596,,,,,off_diagonal,,,true,true,false,
zz4_pair_0011,11,upper_triangle_including_diagonal,0,11,03e42d1f15d8234c,7a110121aab5f925,,,,,off_diagonal,,,true,true,false,
zz4_pair_0012,12,upper_triangle_including_diagonal,0,12,03e42d1f15d8234c,ecfd53124d72b5dd,,,,,off_diagonal,,,true,true,false,
zz4_pair_0013,13,upper_triangle_including_diagonal,0,13,03e42d1f15d8234c,cba4125e4bce6622,,,,,off_diagonal,,,true,true,false,
zz4_pair_0014,14,upper_triangle_including_diagonal,0,14,03e42d1f15d8234c,a39713a90257d827,,,,,off_diagonal,,,true,true,false,
zz4_pair_0015,15,upper_triangle_including_diagonal,0,15,03e42d1f15d8234c,fc59d55a83f892d0,,,,,off_diagonal,,,true,true,false,
zz4_pair_0016,16,upper_triangle_including_diagonal,0,16,03e42d1f15d8234c,a4bd453f56f0e631,,,,,off_diagonal,,,true,true,false,
zz4_pair_0017,17,upper_triangle_including_diagonal,0,17,03e42d1f15d8234c,b1db81243749dd16,,,,,off_diagonal,,,true,true,false,
zz4_pair_0018,18,upper_triangle_including_diagonal,0,18,03e42d1f15d8234c,d8152fa95ab9f51d,,,,,off_diagonal,,,true,true,false,
zz4_pair_0019,19,upper_triangle_including_diagonal,0,19,03e42d1f15d8234c,664a7fad6c56bb69,,,,,off_diagonal,,,true,true,false,
zz4_pair_0020,20,upper_triangle_including_diagonal,0,20,03e42d1f15d8234c,fa8359bc13d94b4e,,,,,off_diagonal,,,true,true,false,
zz4_pair_0021,21,upper_triangle_including_diagonal,0,21,03e42d1f15d8234c,e670c8b96454834e,,,,,off_diagonal,,,true,true,false,
zz4_pair_0022,22,upper_triangle_including_diagonal,0,22,03e42d1f15d8234c,c46db9ff584498d8,,,,,off_diagonal,,,true,true,false,
zz4_pair_0023,23,upper_triangle_including_diagonal,0,23,03e42d1f15d8234c,b1c2bbb93e4f5cb2,,,,,off_diagonal,,,true,true,false,
zz4_pair_0024,24,upper_triangle_including_diagonal,1,1,7bf1852bcd51a5df,7bf1852bcd51a5df,,,,,diagonal,,,false,true,false,diagonal may be measured or set to one by documented execution policy
zz4_pair_0025,25,upper_triangle_including_diagonal,1,2,7bf1852bcd51a5df,634801d7e3c839d3,,,,,off_diagonal,,,true,true,false,
zz4_pair_0026,26,upper_triangle_including_diagonal,1,3,7bf1852bcd51a5df,3bcb72be19f6891f,,,,,off_diagonal,,,true,true,false,
zz4_pair_0027,27,upper_triangle_including_diagonal,1,4,7bf1852bcd51a5df,35e7dd29fccb3b7f,,,,,off_diagonal,,,true,true,false,
zz4_pair_0028,28,upper_triangle_including_diagonal,1,5,7bf1852bcd51a5df,2e9466b16a3fda6e,,,,,off_diagonal,,,true,true,false,
zz4_pair_0029,29,upper_triangle_including_diagonal,1,6,7bf1852bcd51a5df,ab4dc42e7cd1e078,,,,,off_diagonal,,,true,true,false,
zz4_pair_0030,30,upper_triangle_including_diagonal,1,7,7bf1852bcd51a5df,dff67452baae875f,,,,,off_diagonal,,,true,true,false,
zz4_pair_0031,31,upper_triangle_including_diagonal,1,8,7bf1852bcd51a5df,57efcbdd988cedc7,,,,,off_diagonal,,,true,true,false,
zz4_pair_0032,32,upper_triangle_including_diagonal,1,9,7bf1852bcd51a5df,a5b2112c04bbe22f,,,,,off_diagonal,,,true,true,false,
zz4_pair_0033,33,upper_triangle_including_diagonal,1,10,7bf1852bcd51a5df,bba597289cecd596,,,,,off_diagonal,,,true,true,false,
zz4_pair_0034,34,upper_triangle_including_diagonal,1,11,7bf1852bcd51a5df,7a110121aab5f925,,,,,off_diagonal,,,true,true,false,
zz4_pair_0035,35,upper_triangle_including_diagonal,1,12,7bf1852bcd51a5df,ecfd53124d72b5dd,,,,,off_diagonal,,,true,true,false,
zz4_pair_0036,36,upper_triangle_including_diagonal,1,13,7bf1852bcd51a5df,cba4125e4bce6622,,,,,off_diagonal,,,true,true,false,
zz4_pair_0037,37,upper_triangle_including_diagonal,1,14,7bf1852bcd51a5df,a39713a90257d827,,,,,off_diagonal,,,true,true,false,
zz4_pair_0038,38,upper_triangle_including_diagonal,1,15,7bf1852bcd51a5df,fc59d55a83f892d0,,,,,off_diagonal,,,true,true,false,
zz4_pair_0039,39,upper_triangle_including_diagonal,1,16,7bf1852bcd51a5df,a4bd453f56f0e631,,,,,off_diagonal,,,true,true,false,
zz4_pair_0040,40,upper_triangle_including_diagonal,1,17,7bf1852bcd51a5df,b1db81243749dd16,,,,,off_diagonal,,,true,true,false,
zz4_pair_0041,41,upper_triangle_including_diagonal,1,18,7bf1852bcd51a5df,d8152fa95ab9f51d,,,,,off_diagonal,,,true,true,false,
zz4_pair_0042,42,upper_triangle_including_diagonal,1,19,7bf1852bcd51a5df,664a7fad6c56bb69,,,,,off_diagonal,,,true,true,false,
zz4_pair_0043,43,upper_triangle_including_diagonal,1,20,7bf1852bcd51a5df,fa8359bc13d94b4e,,,,,off_diagonal,,,true,true,false,
zz4_pair_0044,44,upper_triangle_including_diagonal,1,21,7bf1852bcd51a5df,e670c8b96454834e,,,,,off_diagonal,,,true,true,false,
zz4_pair_0045,45,upper_triangle_including_diagonal,1,22,7bf1852bcd51a5df,c46db9ff584498d8,,,,,off_diagonal,,,true,true,false,
zz4_pair_0046,46,upper_triangle_including_diagonal,1,23,7bf1852bcd51a5df,b1c2bbb93e4f5cb2,,,,,off_diagonal,,,true,true,false,
zz4_pair_0047,47,upper_triangle_including_diagonal,2,2,634801d7e3c839d3,634801d7e3c839d3,,,,,diagonal,,,false,true,false,diagonal may be measured or set to one by documented execution policy
zz4_pair_0048,48,upper_triangle_including_diagonal,2,3,634801d7e3c839d3,3bcb72be19f6891f,,,,,off_diagonal,,,true,true,false,
zz4_pair_0049,49,upper_triangle_including_diagonal,2,4,634801d7e3c839d3,35e7dd29fccb3b7f,,,,,off_diagonal,,,true,true,false,
zz4_pair_0050,50,upper_triangle_including_diagonal,2,5,634801d7e3c839d3,2e9466b16a3fda6e,,,,,off_diagonal,,,true,true,false,
zz4_pair_0051,51,upper_triangle_including_diagonal,2,6,634801d7e3c839d3,ab4dc42e7cd1e078,,,,,off_diagonal,,,true,true,false,
zz4_pair_0052,52,upper_triangle_including_diagonal,2,7,634801d7e3c839d3,dff67452baae875f,,,,,off_diagonal,,,true,true,false,
zz4_pair_0053,53,upper_triangle_including_diagonal,2,8,634801d7e3c839d3,57efcbdd988cedc7,,,,,off_diagonal,,,true,true,false,
zz4_pair_0054,54,upper_triangle_including_diagonal,2,9,634801d7e3c839d3,a5b2112c04bbe22f,,,,,off_diagonal,,,true,true,false,
zz4_pair_0055,55,upper_triangle_including_diagonal,2,10,634801d7e3c839d3,bba597289cecd596,,,,,off_diagonal,,,true,true,false,
zz4_pair_0056,56,upper_triangle_including_diagonal,2,11,634801d7e3c839d3,7a110121aab5f925,,,,,off_diagonal,,,true,true,false,
zz4_pair_0057,57,upper_triangle_including_diagonal,2,12,634801d7e3c839d3,ecfd53124d72b5dd,,,,,off_diagonal,,,true,true,false,
zz4_pair_0058,58,upper_triangle_including_diagonal,2,13,634801d7e3c839d3,cba4125e4bce6622,,,,,off_diagonal,,,true,true,false,
zz4_pair_0059,59,upper_triangle_including_diagonal,2,14,634801d7e3c839d3,a39713a90257d827,,,,,off_diagonal,,,true,true,false,
zz4_pair_0060,60,upper_triangle_including_diagonal,2,15,634801d7e3c839d3,fc59d55a83f892d0,,,,,off_diagonal,,,true,true,false,
zz4_pair_0061,61,upper_triangle_including_diagonal,2,16,634801d7e3c839d3,a4bd453f56f0e631,,,,,off_diagonal,,,true,true,false,
zz4_pair_0062,62,upper_triangle_including_diagonal,2,17,634801d7e3c839d3,b1db81243749dd16,,,,,off_diagonal,,,true,true,false,
zz4_pair_0063,63,upper_triangle_including_diagonal,2,18,634801d7e3c839d3,d8152fa95ab9f51d,,,,,off_diagonal,,,true,true,false,
zz4_pair_0064,64,upper_triangle_including_diagonal,2,19,634801d7e3c839d3,664a7fad6c56bb69,,,,,off_diagonal,,,true,true,false,
zz4_pair_0065,65,upper_triangle_including_diagonal,2,20,634801d7e3c839d3,fa8359bc13d94b4e,,,,,off_diagonal,,,true,true,false,
zz4_pair_0066,66,upper_triangle_including_diagonal,2,21,634801d7e3c839d3,e670c8b96454834e,,,,,off_diagonal,,,true,true,false,
zz4_pair_0067,67,upper_triangle_including_diagonal,2,22,634801d7e3c839d3,c46db9ff584498d8,,,,,off_diagonal,,,true,true,false,
zz4_pair_0068,68,upper_triangle_including_diagonal,2,23,634801d7e3c839d3,b1c2bbb93e4f5cb2,,,,,off_diagonal,,,true,true,false,
zz4_pair_0069,69,upper_triangle_including_diagonal,3,3,3bcb72be19f6891f,3bcb72be19f6891f,,,,,diagonal,,,false,true,false,diagonal may be measured or set to one by documented execution policy
zz4_pair_0070,70,upper_triangle_including_diagonal,3,4,3bcb72be19f6891f,35e7dd29fccb3b7f,,,,,off_diagonal,,,true,true,false,
zz4_pair_0071,71,upper_triangle_including_diagonal,3,5,3bcb72be19f6891f,2e9466b16a3fda6e,,,,,off_diagonal,,,true,true,false,
zz4_pair_0072,72,upper_triangle_including_diagonal,3,6,3bcb72be19f6891f,ab4dc42e7cd1e078,,,,,off_diagonal,,,true,true,false,
zz4_pair_0073,73,upper_triangle_including_diagonal,3,7,3bcb72be19f6891f,dff67452baae875f,,,,,off_diagonal,,,true,true,false,
zz4_pair_0074,74,upper_triangle_including_diagonal,3,8,3bcb72be19f6891f,57efcbdd988cedc7,,,,,off_diagonal,,,true,true,false,
zz4_pair_0075,75,upper_triangle_including_diagonal,3,9,3bcb72be19f6891f,a5b2112c04bbe22f,,,,,off_diagonal,,,true,true,false,
zz4_pair_0076,76,upper_triangle_including_diagonal,3,10,3bcb72be19f6891f,bba597289cecd596,,,,,off_diagonal,,,true,true,false,
zz4_pair_0077,77,upper_triangle_including_diagonal,3,11,3bcb72be19f6891f,7a110121aab5f925,,,,,off_diagonal,,,true,true,false,
zz4_pair_0078,78,upper_triangle_including_diagonal,3,12,3bcb72be19f6891f,ecfd53124d72b5dd,,,,,off_diagonal,,,true,true,false,
zz4_pair_0079,79,upper_triangle_including_diagonal,3,13,3bcb72be19f6891f,cba4125e4bce6622,,,,,off_diagonal,,,true,true,false,
zz4_pair_0080,80,upper_triangle_including_diagonal,3,14,3bcb72be19f6891f,a39713a90257d827,,,,,off_diagonal,,,true,true,false,
zz4_pair_0081,81,upper_triangle_including_diagonal,3,15,3bcb72be19f6891f,fc59d55a83f892d0,,,,,off_diagonal,,,true,true,false,
zz4_pair_0082,82,upper_triangle_including_diagonal,3,16,3bcb72be19f6891f,a4bd453f56f0e631,,,,,off_diagonal,,,true,true,false,
zz4_pair_0083,83,upper_triangle_including_diagonal,3,17,3bcb72be19f6891f,b1db81243749dd16,,,,,off_diagonal,,,true,true,false,
zz4_pair_0084,84,upper_triangle_including_diagonal,3,18,3bcb72be19f6891f,d8152fa95ab9f51d,,,,,off_diagonal,,,true,true,false,
zz4_pair_0085,85,upper_triangle_including_diagonal,3,19,3bcb72be19f6891f,664a7fad6c56bb69,,,,,off_diagonal,,,true,true,false,
zz4_pair_0086,86,upper_triangle_including_diagonal,3,20,3bcb72be19f6891f,fa8359bc13d94b4e,,,,,off_diagonal,,,true,true,false,
zz4_pair_0087,87,upper_triangle_including_diagonal,3,21,3bcb72be19f6891f,e670c8b96454834e,,,,,off_diagonal,,,true,true,false,
zz4_pair_0088,88,upper_triangle_including_diagonal,3,22,3bcb72be19f6891f,c46db9ff584498d8,,,,,off_diagonal,,,true,true,false,
zz4_pair_0089,89,upper_triangle_including_diagonal,3,23,3bcb72be19f6891f,b1c2bbb93e4f5cb2,,,,,off_diagonal,,,true,true,false,
zz4_pair_0090,90,upper_triangle_including_diagonal,4,4,35e7dd29fccb3b7f,35e7dd29fccb3b7f,,,,,diagonal,,,false,true,false,diagonal may be measured or set to one by documented execution policy
zz4_pair_0091,91,upper_triangle_including_diagonal,4,5,35e7dd29fccb3b7f,2e9466b16a3fda6e,,,,,off_diagonal,,,true,true,false,
zz4_pair_0092,92,upper_triangle_including_diagonal,4,6,35e7dd29fccb3b7f,ab4dc42e7cd1e078,,,,,off_diagonal,,,true,true,false,
zz4_pair_0093,93,upper_triangle_including_diagonal,4,7,35e7dd29fccb3b7f,dff67452baae875f,,,,,off_diagonal,,,true,true,false,
zz4_pair_0094,94,upper_triangle_including_diagonal,4,8,35e7dd29fccb3b7f,57efcbdd988cedc7,,,,,off_diagonal,,,true,true,false,
zz4_pair_0095,95,upper_triangle_including_diagonal,4,9,35e7dd29fccb3b7f,a5b2112c04bbe22f,,,,,off_diagonal,,,true,true,false,
zz4_pair_0096,96,upper_triangle_including_diagonal,4,10,35e7dd29fccb3b7f,bba597289cecd596,,,,,off_diagonal,,,true,true,false,
zz4_pair_0097,97,upper_triangle_including_diagonal,4,11,35e7dd29fccb3b7f,7a110121aab5f925,,,,,off_diagonal,,,true,true,false,
zz4_pair_0098,98,upper_triangle_including_diagonal,4,12,35e7dd29fccb3b7f,ecfd53124d72b5dd,,,,,off_diagonal,,,true,true,false,
zz4_pair_0099,99,upper_triangle_including_diagonal,4,13,35e7dd29fccb3b7f,cba4125e4bce6622,,,,,off_diagonal,,,true,true,false,
zz4_pair_0100,100,upper_triangle_including_diagonal,4,14,35e7dd29fccb3b7f,a39713a90257d827,,,,,off_diagonal,,,true,true,false,
zz4_pair_0101,101,upper_triangle_including_diagonal,4,15,35e7dd29fccb3b7f,fc59d55a83f892d0,,,,,off_diagonal,,,true,true,false,
zz4_pair_0102,102,upper_triangle_including_diagonal,4,16,35e7dd29fccb3b7f,a4bd453f56f0e631,,,,,off_diagonal,,,true,true,false,
zz4_pair_0103,103,upper_triangle_including_diagonal,4,17,35e7dd29fccb3b7f,b1db81243749dd16,,,,,off_diagonal,,,true,true,false,
zz4_pair_0104,104,upper_triangle_including_diagonal,4,18,35e7dd29fccb3b7f,d8152fa95ab9f51d,,,,,off_diagonal,,,true,true,false,
zz4_pair_0105,105,upper_triangle_including_diagonal,4,19,35e7dd29fccb3b7f,664a7fad6c56bb69,,,,,off_diagonal,,,true,true,false,
zz4_pair_0106,106,upper_triangle_including_diagonal,4,20,35e7dd29fccb3b7f,fa8359bc13d94b4e,,,,,off_diagonal,,,true,true,false,
zz4_pair_0107,107,upper_triangle_including_diagonal,4,21,35e7dd29fccb3b7f,e670c8b96454834e,,,,,off_diagonal,,,true,true,false,
zz4_pair_0108,108,upper_triangle_including_diagonal,4,22,35e7dd29fccb3b7f,c46db9ff584498d8,,,,,off_diagonal,,,true,true,false,
zz4_pair_0109,109,upper_triangle_including_diagonal,4,23,35e7dd29fccb3b7f,b1c2bbb93e4f5cb2,,,,,off_diagonal,,,true,true,false,
zz4_pair_0110,110,upper_triangle_including_diagonal,5,5,2e9466b16a3fda6e,2e9466b16a3fda6e,,,,,diagonal,,,false,true,false,diagonal may be measured or set to one by documented execution policy
zz4_pair_0111,111,upper_triangle_including_diagonal,5,6,2e9466b16a3fda6e,ab4dc42e7cd1e078,,,,,off_diagonal,,,true,true,false,
zz4_pair_0112,112,upper_triangle_including_diagonal,5,7,2e9466b16a3fda6e,dff67452baae875f,,,,,off_diagonal,,,true,true,false,
zz4_pair_0113,113,upper_triangle_including_diagonal,5,8,2e9466b16a3fda6e,57efcbdd988cedc7,,,,,off_diagonal,,,true,true,false,
zz4_pair_0114,114,upper_triangle_including_diagonal,5,9,2e9466b16a3fda6e,a5b2112c04bbe22f,,,,,off_diagonal,,,true,true,false,
zz4_pair_0115,115,upper_triangle_including_diagonal,5,10,2e9466b16a3fda6e,bba597289cecd596,,,,,off_diagonal,,,true,true,false,
zz4_pair_0116,116,upper_triangle_including_diagonal,5,11,2e9466b16a3fda6e,7a110121aab5f925,,,,,off_diagonal,,,true,true,false,
zz4_pair_0117,117,upper_triangle_including_diagonal,5,12,2e9466b16a3fda6e,ecfd53124d72b5dd,,,,,off_diagonal,,,true,true,false,
zz4_pair_0118,118,upper_triangle_including_diagonal,5,13,2e9466b16a3fda6e,cba4125e4bce6622,,,,,off_diagonal,,,true,true,false,
zz4_pair_0119,119,upper_triangle_including_diagonal,5,14,2e9466b16a3fda6e,a39713a90257d827,,,,,off_diagonal,,,true,true,false,
zz4_pair_0120,120,upper_triangle_including_diagonal,5,15,2e9466b16a3fda6e,fc59d55a83f892d0,,,,,off_diagonal,,,true,true,false,
zz4_pair_0121,121,upper_triangle_including_diagonal,5,16,2e9466b16a3fda6e,a4bd453f56f0e631,,,,,off_diagonal,,,true,true,false,
zz4_pair_0122,122,upper_triangle_including_diagonal,5,17,2e9466b16a3fda6e,b1db81243749dd16,,,,,off_diagonal,,,true,true,false,
zz4_pair_0123,123,upper_triangle_including_diagonal,5,18,2e9466b16a3fda6e,d8152fa95ab9f51d,,,,,off_diagonal,,,true,true,false,
zz4_pair_0124,124,upper_triangle_including_diagonal,5,19,2e9466b16a3fda6e,664a7fad6c56bb69,,,,,off_diagonal,,,true,true,false,
zz4_pair_0125,125,upper_triangle_including_diagonal,5,20,2e9466b16a3fda6e,fa8359bc13d94b4e,,,,,off_diagonal,,,true,true,false,
zz4_pair_0126,126,upper_triangle_including_diagonal,5,21,2e9466b16a3fda6e,e670c8b96454834e,,,,,off_diagonal,,,true,true,false,
zz4_pair_0127,127,upper_triangle_including_diagonal,5,22,2e9466b16a3fda6e,c46db9ff584498d8,,,,,off_diagonal,,,true,true,false,
zz4_pair_0128,128,upper_triangle_including_diagonal,5,23,2e9466b16a3fda6e,b1c2bbb93e4f5cb2,,,,,off_diagonal,,,true,true,false,
zz4_pair_0129,129,upper_triangle_including_diagonal,6,6,ab4dc42e7cd1e078,ab4dc42e7cd1e078,,,,,diagonal,,,false,true,false,diagonal may be measured or set to one by documented execution policy
zz4_pair_0130,130,upper_triangle_including_diagonal,6,7,ab4dc42e7cd1e078,dff67452baae875f,,,,,off_diagonal,,,true,true,false,
zz4_pair_0131,131,upper_triangle_including_diagonal,6,8,ab4dc42e7cd1e078,57efcbdd988cedc7,,,,,off_diagonal,,,true,true,false,
zz4_pair_0132,132,upper_triangle_including_diagonal,6,9,ab4dc42e7cd1e078,a5b2112c04bbe22f,,,,,off_diagonal,,,true,true,false,
zz4_pair_0133,133,upper_triangle_including_diagonal,6,10,ab4dc42e7cd1e078,bba597289cecd596,,,,,off_diagonal,,,true,true,false,
zz4_pair_0134,134,upper_triangle_including_diagonal,6,11,ab4dc42e7cd1e078,7a110121aab5f925,,,,,off_diagonal,,,true,true,false,
zz4_pair_0135,135,upper_triangle_including_diagonal,6,12,ab4dc42e7cd1e078,ecfd53124d72b5dd,,,,,off_diagonal,,,true,true,false,
zz4_pair_0136,136,upper_triangle_including_diagonal,6,13,ab4dc42e7cd1e078,cba4125e4bce6622,,,,,off_diagonal,,,true,true,false,
zz4_pair_0137,137,upper_triangle_including_diagonal,6,14,ab4dc42e7cd1e078,a39713a90257d827,,,,,off_diagonal,,,true,true,false,
zz4_pair_0138,138,upper_triangle_including_diagonal,6,15,ab4dc42e7cd1e078,fc59d55a83f892d0,,,,,off_diagonal,,,true,true,false,
zz4_pair_0139,139,upper_triangle_including_diagonal,6,16,ab4dc42e7cd1e078,a4bd453f56f0e631,,,,,off_diagonal,,,true,true,false,
zz4_pair_0140,140,upper_triangle_including_diagonal,6,17,ab4dc42e7cd1e078,b1db81243749dd16,,,,,off_diagonal,,,true,true,false,
zz4_pair_0141,141,upper_triangle_including_diagonal,6,18,ab4dc42e7cd1e078,d8152fa95ab9f51d,,,,,off_diagonal,,,true,true,false,
zz4_pair_0142,142,upper_triangle_including_diagonal,6,19,ab4dc42e7cd1e078,664a7fad6c56bb69,,,,,off_diagonal,,,true,true,false,
zz4_pair_0143,143,upper_triangle_including_diagonal,6,20,ab4dc42e7cd1e078,fa8359bc13d94b4e,,,,,off_diagonal,,,true,true,false,
zz4_pair_0144,144,upper_triangle_including_diagonal,6,21,ab4dc42e7cd1e078,e670c8b96454834e,,,,,off_diagonal,,,true,true,false,
zz4_pair_0145,145,upper_triangle_including_diagonal,6,22,ab4dc42e7cd1e078,c46db9ff584498d8,,,,,off_diagonal,,,true,true,false,
zz4_pair_0146,146,upper_triangle_including_diagonal,6,23,ab4dc42e7cd1e078,b1c2bbb93e4f5cb2,,,,,off_diagonal,,,true,true,false,
zz4_pair_0147,147,upper_triangle_including_diagonal,7,7,dff67452baae875f,dff67452baae875f,,,,,diagonal,,,false,true,false,diagonal may be measured or set to one by documented execution policy
zz4_pair_0148,148,upper_triangle_including_diagonal,7,8,dff67452baae875f,57efcbdd988cedc7,,,,,off_diagonal,,,true,true,false,
zz4_pair_0149,149,upper_triangle_including_diagonal,7,9,dff67452baae875f,a5b2112c04bbe22f,,,,,off_diagonal,,,true,true,false,
zz4_pair_0150,150,upper_triangle_including_diagonal,7,10,dff67452baae875f,bba597289cecd596,,,,,off_diagonal,,,true,true,false,
zz4_pair_0151,151,upper_triangle_including_diagonal,7,11,dff67452baae875f,7a110121aab5f925,,,,,off_diagonal,,,true,true,false,
zz4_pair_0152,152,upper_triangle_including_diagonal,7,12,dff67452baae875f,ecfd53124d72b5dd,,,,,off_diagonal,,,true,true,false,
zz4_pair_0153,153,upper_triangle_including_diagonal,7,13,dff67452baae875f,cba4125e4bce6622,,,,,off_diagonal,,,true,true,false,
zz4_pair_0154,154,upper_triangle_including_diagonal,7,14,dff67452baae875f,a39713a90257d827,,,,,off_diagonal,,,true,true,false,
zz4_pair_0155,155,upper_triangle_including_diagonal,7,15,dff67452baae875f,fc59d55a83f892d0,,,,,off_diagonal,,,true,true,false,
zz4_pair_0156,156,upper_triangle_including_diagonal,7,16,dff67452baae875f,a4bd453f56f0e631,,,,,off_diagonal,,,true,true,false,
zz4_pair_0157,157,upper_triangle_including_diagonal,7,17,dff67452baae875f,b1db81243749dd16,,,,,off_diagonal,,,true,true,false,
zz4_pair_0158,158,upper_triangle_including_diagonal,7,18,dff67452baae875f,d8152fa95ab9f51d,,,,,off_diagonal,,,true,true,false,
zz4_pair_0159,159,upper_triangle_including_diagonal,7,19,dff67452baae875f,664a7fad6c56bb69,,,,,off_diagonal,,,true,true,false,
zz4_pair_0160,160,upper_triangle_including_diagonal,7,20,dff67452baae875f,fa8359bc13d94b4e,,,,,off_diagonal,,,true,true,false,
zz4_pair_0161,161,upper_triangle_including_diagonal,7,21,dff67452baae875f,e670c8b96454834e,,,,,off_diagonal,,,true,true,false,
zz4_pair_0162,162,upper_triangle_including_diagonal,7,22,dff67452baae875f,c46db9ff584498d8,,,,,off_diagonal,,,true,true,false,
zz4_pair_0163,163,upper_triangle_including_diagonal,7,23,dff67452baae875f,b1c2bbb93e4f5cb2,,,,,off_diagonal,,,true,true,false,
zz4_pair_0164,164,upper_triangle_including_diagonal,8,8,57efcbdd988cedc7,57efcbdd988cedc7,,,,,diagonal,,,false,true,false,diagonal may be measured or set to one by documented execution policy
zz4_pair_0165,165,upper_triangle_including_diagonal,8,9,57efcbdd988cedc7,a5b2112c04bbe22f,,,,,off_diagonal,,,true,true,false,
zz4_pair_0166,166,upper_triangle_including_diagonal,8,10,57efcbdd988cedc7,bba597289cecd596,,,,,off_diagonal,,,true,true,false,
zz4_pair_0167,167,upper_triangle_including_diagonal,8,11,57efcbdd988cedc7,7a110121aab5f925,,,,,off_diagonal,,,true,true,false,
zz4_pair_0168,168,upper_triangle_including_diagonal,8,12,57efcbdd988cedc7,ecfd53124d72b5dd,,,,,off_diagonal,,,true,true,false,
zz4_pair_0169,169,upper_triangle_including_diagonal,8,13,57efcbdd988cedc7,cba4125e4bce6622,,,,,off_diagonal,,,true,true,false,
zz4_pair_0170,170,upper_triangle_including_diagonal,8,14,57efcbdd988cedc7,a39713a90257d827,,,,,off_diagonal,,,true,true,false,
zz4_pair_0171,171,upper_triangle_including_diagonal,8,15,57efcbdd988cedc7,fc59d55a83f892d0,,,,,off_diagonal,,,true,true,false,
zz4_pair_0172,172,upper_triangle_including_diagonal,8,16,57efcbdd988cedc7,a4bd453f56f0e631,,,,,off_diagonal,,,true,true,false,
zz4_pair_0173,173,upper_triangle_including_diagonal,8,17,57efcbdd988cedc7,b1db81243749dd16,,,,,off_diagonal,,,true,true,false,
zz4_pair_0174,174,upper_triangle_including_diagonal,8,18,57efcbdd988cedc7,d8152fa95ab9f51d,,,,,off_diagonal,,,true,true,false,
zz4_pair_0175,175,upper_triangle_including_diagonal,8,19,57efcbdd988cedc7,664a7fad6c56bb69,,,,,off_diagonal,,,true,true,false,
zz4_pair_0176,176,upper_triangle_including_diagonal,8,20,57efcbdd988cedc7,fa8359bc13d94b4e,,,,,off_diagonal,,,true,true,false,
zz4_pair_0177,177,upper_triangle_including_diagonal,8,21,57efcbdd988cedc7,e670c8b96454834e,,,,,off_diagonal,,,true,true,false,
zz4_pair_0178,178,upper_triangle_including_diagonal,8,22,57efcbdd988cedc7,c46db9ff584498d8,,,,,off_diagonal,,,true,true,false,
zz4_pair_0179,179,upper_triangle_including_diagonal,8,23,57efcbdd988cedc7,b1c2bbb93e4f5cb2,,,,,off_diagonal,,,true,true,false,
zz4_pair_0180,180,upper_triangle_including_diagonal,9,9,a5b2112c04bbe22f,a5b2112c04bbe22f,,,,,diagonal,,,false,true,false,diagonal may be measured or set to one by documented execution policy
zz4_pair_0181,181,upper_triangle_including_diagonal,9,10,a5b2112c04bbe22f,bba597289cecd596,,,,,off_diagonal,,,true,true,false,
zz4_pair_0182,182,upper_triangle_including_diagonal,9,11,a5b2112c04bbe22f,7a110121aab5f925,,,,,off_diagonal,,,true,true,false,
zz4_pair_0183,183,upper_triangle_including_diagonal,9,12,a5b2112c04bbe22f,ecfd53124d72b5dd,,,,,off_diagonal,,,true,true,false,
zz4_pair_0184,184,upper_triangle_including_diagonal,9,13,a5b2112c04bbe22f,cba4125e4bce6622,,,,,off_diagonal,,,true,true,false,
zz4_pair_0185,185,upper_triangle_including_diagonal,9,14,a5b2112c04bbe22f,a39713a90257d827,,,,,off_diagonal,,,true,true,false,
zz4_pair_0186,186,upper_triangle_including_diagonal,9,15,a5b2112c04bbe22f,fc59d55a83f892d0,,,,,off_diagonal,,,true,true,false,
zz4_pair_0187,187,upper_triangle_including_diagonal,9,16,a5b2112c04bbe22f,a4bd453f56f0e631,,,,,off_diagonal,,,true,true,false,
zz4_pair_0188,188,upper_triangle_including_diagonal,9,17,a5b2112c04bbe22f,b1db81243749dd16,,,,,off_diagonal,,,true,true,false,
zz4_pair_0189,189,upper_triangle_including_diagonal,9,18,a5b2112c04bbe22f,d8152fa95ab9f51d,,,,,off_diagonal,,,true,true,false,
zz4_pair_0190,190,upper_triangle_including_diagonal,9,19,a5b2112c04bbe22f,664a7fad6c56bb69,,,,,off_diagonal,,,true,true,false,
zz4_pair_0191,191,upper_triangle_including_diagonal,9,20,a5b2112c04bbe22f,fa8359bc13d94b4e,,,,,off_diagonal,,,true,true,false,
zz4_pair_0192,192,upper_triangle_including_diagonal,9,21,a5b2112c04bbe22f,e670c8b96454834e,,,,,off_diagonal,,,true,true,false,
zz4_pair_0193,193,upper_triangle_including_diagonal,9,22,a5b2112c04bbe22f,c46db9ff584498d8,,,,,off_diagonal,,,true,true,false,
zz4_pair_0194,194,upper_triangle_including_diagonal,9,23,a5b2112c04bbe22f,b1c2bbb93e4f5cb2,,,,,off_diagonal,,,true,true,false,
zz4_pair_0195,195,upper_triangle_including_diagonal,10,10,bba597289cecd596,bba597289cecd596,,,,,diagonal,,,false,true,false,diagonal may be measured or set to one by documented execution policy
zz4_pair_0196,196,upper_triangle_including_diagonal,10,11,bba597289cecd596,7a110121aab5f925,,,,,off_diagonal,,,true,true,false,
zz4_pair_0197,197,upper_triangle_including_diagonal,10,12,bba597289cecd596,ecfd53124d72b5dd,,,,,off_diagonal,,,true,true,false,
zz4_pair_0198,198,upper_triangle_including_diagonal,10,13,bba597289cecd596,cba4125e4bce6622,,,,,off_diagonal,,,true,true,false,
zz4_pair_0199,199,upper_triangle_including_diagonal,10,14,bba597289cecd596,a39713a90257d827,,,,,off_diagonal,,,true,true,false,
zz4_pair_0200,200,upper_triangle_including_diagonal,10,15,bba597289cecd596,fc59d55a83f892d0,,,,,off_diagonal,,,true,true,false,
zz4_pair_0201,201,upper_triangle_including_diagonal,10,16,bba597289cecd596,a4bd453f56f0e631,,,,,off_diagonal,,,true,true,false,
zz4_pair_0202,202,upper_triangle_including_diagonal,10,17,bba597289cecd596,b1db81243749dd16,,,,,off_diagonal,,,true,true,false,
zz4_pair_0203,203,upper_triangle_including_diagonal,10,18,bba597289cecd596,d8152fa95ab9f51d,,,,,off_diagonal,,,true,true,false,
zz4_pair_0204,204,upper_triangle_including_diagonal,10,19,bba597289cecd596,664a7fad6c56bb69,,,,,off_diagonal,,,true,true,false,
zz4_pair_0205,205,upper_triangle_including_diagonal,10,20,bba597289cecd596,fa8359bc13d94b4e,,,,,off_diagonal,,,true,true,false,
zz4_pair_0206,206,upper_triangle_including_diagonal,10,21,bba597289cecd596,e670c8b96454834e,,,,,off_diagonal,,,true,true,false,
zz4_pair_0207,207,upper_triangle_including_diagonal,10,22,bba597289cecd596,c46db9ff584498d8,,,,,off_diagonal,,,true,true,false,
zz4_pair_0208,208,upper_triangle_including_diagonal,10,23,bba597289cecd596,b1c2bbb93e4f5cb2,,,,,off_diagonal,,,true,true,false,
zz4_pair_0209,209,upper_triangle_including_diagonal,11,11,7a110121aab5f925,7a110121aab5f925,,,,,diagonal,,,false,true,false,diagonal may be measured or set to one by documented execution policy
zz4_pair_0210,210,upper_triangle_including_diagonal,11,12,7a110121aab5f925,ecfd53124d72b5dd,,,,,off_diagonal,,,true,true,false,
zz4_pair_0211,211,upper_triangle_including_diagonal,11,13,7a110121aab5f925,cba4125e4bce6622,,,,,off_diagonal,,,true,true,false,
zz4_pair_0212,212,upper_triangle_including_diagonal,11,14,7a110121aab5f925,a39713a90257d827,,,,,off_diagonal,,,true,true,false,
zz4_pair_0213,213,upper_triangle_including_diagonal,11,15,7a110121aab5f925,fc59d55a83f892d0,,,,,off_diagonal,,,true,true,false,
zz4_pair_0214,214,upper_triangle_including_diagonal,11,16,7a110121aab5f925,a4bd453f56f0e631,,,,,off_diagonal,,,true,true,false,
zz4_pair_0215,215,upper_triangle_including_diagonal,11,17,7a110121aab5f925,b1db81243749dd16,,,,,off_diagonal,,,true,true,false,
zz4_pair_0216,216,upper_triangle_including_diagonal,11,18,7a110121aab5f925,d8152fa95ab9f51d,,,,,off_diagonal,,,true,true,false,
zz4_pair_0217,217,upper_triangle_including_diagonal,11,19,7a110121aab5f925,664a7fad6c56bb69,,,,,off_diagonal,,,true,true,false,
zz4_pair_0218,218,upper_triangle_including_diagonal,11,20,7a110121aab5f925,fa8359bc13d94b4e,,,,,off_diagonal,,,true,true,false,
zz4_pair_0219,219,upper_triangle_including_diagonal,11,21,7a110121aab5f925,e670c8b96454834e,,,,,off_diagonal,,,true,true,false,
zz4_pair_0220,220,upper_triangle_including_diagonal,11,22,7a110121aab5f925,c46db9ff584498d8,,,,,off_diagonal,,,true,true,false,
zz4_pair_0221,221,upper_triangle_including_diagonal,11,23,7a110121aab5f925,b1c2bbb93e4f5cb2,,,,,off_diagonal,,,true,true,false,
zz4_pair_0222,222,upper_triangle_including_diagonal,12,12,ecfd53124d72b5dd,ecfd53124d72b5dd,,,,,diagonal,,,false,true,false,diagonal may be measured or set to one by documented execution policy
zz4_pair_0223,223,upper_triangle_including_diagonal,12,13,ecfd53124d72b5dd,cba4125e4bce6622,,,,,off_diagonal,,,true,true,false,
zz4_pair_0224,224,upper_triangle_including_diagonal,12,14,ecfd53124d72b5dd,a39713a90257d827,,,,,off_diagonal,,,true,true,false,
zz4_pair_0225,225,upper_triangle_including_diagonal,12,15,ecfd53124d72b5dd,fc59d55a83f892d0,,,,,off_diagonal,,,true,true,false,
zz4_pair_0226,226,upper_triangle_including_diagonal,12,16,ecfd53124d72b5dd,a4bd453f56f0e631,,,,,off_diagonal,,,true,true,false,
zz4_pair_0227,227,upper_triangle_including_diagonal,12,17,ecfd53124d72b5dd,b1db81243749dd16,,,,,off_diagonal,,,true,true,false,
zz4_pair_0228,228,upper_triangle_including_diagonal,12,18,ecfd53124d72b5dd,d8152fa95ab9f51d,,,,,off_diagonal,,,true,true,false,
zz4_pair_0229,229,upper_triangle_including_diagonal,12,19,ecfd53124d72b5dd,664a7fad6c56bb69,,,,,off_diagonal,,,true,true,false,
zz4_pair_0230,230,upper_triangle_including_diagonal,12,20,ecfd53124d72b5dd,fa8359bc13d94b4e,,,,,off_diagonal,,,true,true,false,
zz4_pair_0231,231,upper_triangle_including_diagonal,12,21,ecfd53124d72b5dd,e670c8b96454834e,,,,,off_diagonal,,,true,true,false,
zz4_pair_0232,232,upper_triangle_including_diagonal,12,22,ecfd53124d72b5dd,c46db9ff584498d8,,,,,off_diagonal,,,true,true,false,
zz4_pair_0233,233,upper_triangle_including_diagonal,12,23,ecfd53124d72b5dd,b1c2bbb93e4f5cb2,,,,,off_diagonal,,,true,true,false,
zz4_pair_0234,234,upper_triangle_including_diagonal,13,13,cba4125e4bce6622,cba4125e4bce6622,,,,,diagonal,,,false,true,false,diagonal may be measured or set to one by documented execution policy
zz4_pair_0235,235,upper_triangle_including_diagonal,13,14,cba4125e4bce6622,a39713a90257d827,,,,,off_diagonal,,,true,true,false,
zz4_pair_0236,236,upper_triangle_including_diagonal,13,15,cba4125e4bce6622,fc59d55a83f892d0,,,,,off_diagonal,,,true,true,false,
zz4_pair_0237,237,upper_triangle_including_diagonal,13,16,cba4125e4bce6622,a4bd453f56f0e631,,,,,off_diagonal,,,true,true,false,
zz4_pair_0238,238,upper_triangle_including_diagonal,13,17,cba4125e4bce6622,b1db81243749dd16,,,,,off_diagonal,,,true,true,false,
zz4_pair_0239,239,upper_triangle_including_diagonal,13,18,cba4125e4bce6622,d8152fa95ab9f51d,,,,,off_diagonal,,,true,true,false,
zz4_pair_0240,240,upper_triangle_including_diagonal,13,19,cba4125e4bce6622,664a7fad6c56bb69,,,,,off_diagonal,,,true,true,false,
zz4_pair_0241,241,upper_triangle_including_diagonal,13,20,cba4125e4bce6622,fa8359bc13d94b4e,,,,,off_diagonal,,,true,true,false,
zz4_pair_0242,242,upper_triangle_including_diagonal,13,21,cba4125e4bce6622,e670c8b96454834e,,,,,off_diagonal,,,true,true,false,
zz4_pair_0243,243,upper_triangle_including_diagonal,13,22,cba4125e4bce6622,c46db9ff584498d8,,,,,off_diagonal,,,true,true,false,
zz4_pair_0244,244,upper_triangle_including_diagonal,13,23,cba4125e4bce6622,b1c2bbb93e4f5cb2,,,,,off_diagonal,,,true,true,false,
zz4_pair_0245,245,upper_triangle_including_diagonal,14,14,a39713a90257d827,a39713a90257d827,,,,,diagonal,,,false,true,false,diagonal may be measured or set to one by documented execution policy
zz4_pair_0246,246,upper_triangle_including_diagonal,14,15,a39713a90257d827,fc59d55a83f892d0,,,,,off_diagonal,,,true,true,false,
zz4_pair_0247,247,upper_triangle_including_diagonal,14,16,a39713a90257d827,a4bd453f56f0e631,,,,,off_diagonal,,,true,true,false,
zz4_pair_0248,248,upper_triangle_including_diagonal,14,17,a39713a90257d827,b1db81243749dd16,,,,,off_diagonal,,,true,true,false,
zz4_pair_0249,249,upper_triangle_including_diagonal,14,18,a39713a90257d827,d8152fa95ab9f51d,,,,,off_diagonal,,,true,true,false,
zz4_pair_0250,250,upper_triangle_including_diagonal,14,19,a39713a90257d827,664a7fad6c56bb69,,,,,off_diagonal,,,true,true,false,
zz4_pair_0251,251,upper_triangle_including_diagonal,14,20,a39713a90257d827,fa8359bc13d94b4e,,,,,off_diagonal,,,true,true,false,
zz4_pair_0252,252,upper_triangle_including_diagonal,14,21,a39713a90257d827,e670c8b96454834e,,,,,off_diagonal,,,true,true,false,
zz4_pair_0253,253,upper_triangle_including_diagonal,14,22,a39713a90257d827,c46db9ff584498d8,,,,,off_diagonal,,,true,true,false,
zz4_pair_0254,254,upper_triangle_including_diagonal,14,23,a39713a90257d827,b1c2bbb93e4f5cb2,,,,,off_diagonal,,,true,true,false,
zz4_pair_0255,255,upper_triangle_including_diagonal,15,15,fc59d55a83f892d0,fc59d55a83f892d0,,,,,diagonal,,,false,true,false,diagonal may be measured or set to one by documented execution policy
zz4_pair_0256,256,upper_triangle_including_diagonal,15,16,fc59d55a83f892d0,a4bd453f56f0e631,,,,,off_diagonal,,,true,true,false,
zz4_pair_0257,257,upper_triangle_including_diagonal,15,17,fc59d55a83f892d0,b1db81243749dd16,,,,,off_diagonal,,,true,true,false,
zz4_pair_0258,258,upper_triangle_including_diagonal,15,18,fc59d55a83f892d0,d8152fa95ab9f51d,,,,,off_diagonal,,,true,true,false,
zz4_pair_0259,259,upper_triangle_including_diagonal,15,19,fc59d55a83f892d0,664a7fad6c56bb69,,,,,off_diagonal,,,true,true,false,
zz4_pair_0260,260,upper_triangle_including_diagonal,15,20,fc59d55a83f892d0,fa8359bc13d94b4e,,,,,off_diagonal,,,true,true,false,
zz4_pair_0261,261,upper_triangle_including_diagonal,15,21,fc59d55a83f892d0,e670c8b96454834e,,,,,off_diagonal,,,true,true,false,
zz4_pair_0262,262,upper_triangle_including_diagonal,15,22,fc59d55a83f892d0,c46db9ff584498d8,,,,,off_diagonal,,,true,true,false,
zz4_pair_0263,263,upper_triangle_including_diagonal,15,23,fc59d55a83f892d0,b1c2bbb93e4f5cb2,,,,,off_diagonal,,,true,true,false,
zz4_pair_0264,264,upper_triangle_including_diagonal,16,16,a4bd453f56f0e631,a4bd453f56f0e631,,,,,diagonal,,,false,true,false,diagonal may be measured or set to one by documented execution policy
zz4_pair_0265,265,upper_triangle_including_diagonal,16,17,a4bd453f56f0e631,b1db81243749dd16,,,,,off_diagonal,,,true,true,false,
zz4_pair_0266,266,upper_triangle_including_diagonal,16,18,a4bd453f56f0e631,d8152fa95ab9f51d,,,,,off_diagonal,,,true,true,false,
zz4_pair_0267,267,upper_triangle_including_diagonal,16,19,a4bd453f56f0e631,664a7fad6c56bb69,,,,,off_diagonal,,,true,true,false,
zz4_pair_0268,268,upper_triangle_including_diagonal,16,20,a4bd453f56f0e631,fa8359bc13d94b4e,,,,,off_diagonal,,,true,true,false,
zz4_pair_0269,269,upper_triangle_including_diagonal,16,21,a4bd453f56f0e631,e670c8b96454834e,,,,,off_diagonal,,,true,true,false,
zz4_pair_0270,270,upper_triangle_including_diagonal,16,22,a4bd453f56f0e631,c46db9ff584498d8,,,,,off_diagonal,,,true,true,false,
zz4_pair_0271,271,upper_triangle_including_diagonal,16,23,a4bd453f56f0e631,b1c2bbb93e4f5cb2,,,,,off_diagonal,,,true,true,false,
zz4_pair_0272,272,upper_triangle_including_diagonal,17,17,b1db81243749dd16,b1db81243749dd16,,,,,diagonal,,,false,true,false,diagonal may be measured or set to one by documented execution policy
zz4_pair_0273,273,upper_triangle_including_diagonal,17,18,b1db81243749dd16,d8152fa95ab9f51d,,,,,off_diagonal,,,true,true,false,
zz4_pair_0274,274,upper_triangle_including_diagonal,17,19,b1db81243749dd16,664a7fad6c56bb69,,,,,off_diagonal,,,true,true,false,
zz4_pair_0275,275,upper_triangle_including_diagonal,17,20,b1db81243749dd16,fa8359bc13d94b4e,,,,,off_diagonal,,,true,true,false,
zz4_pair_0276,276,upper_triangle_including_diagonal,17,21,b1db81243749dd16,e670c8b96454834e,,,,,off_diagonal,,,true,true,false,
zz4_pair_0277,277,upper_triangle_including_diagonal,17,22,b1db81243749dd16,c46db9ff584498d8,,,,,off_diagonal,,,true,true,false,
zz4_pair_0278,278,upper_triangle_including_diagonal,17,23,b1db81243749dd16,b1c2bbb93e4f5cb2,,,,,off_diagonal,,,true,true,false,
zz4_pair_0279,279,upper_triangle_including_diagonal,18,18,d8152fa95ab9f51d,d8152fa95ab9f51d,,,,,diagonal,,,false,true,false,diagonal may be measured or set to one by documented execution policy
zz4_pair_0280,280,upper_triangle_including_diagonal,18,19,d8152fa95ab9f51d,664a7fad6c56bb69,,,,,off_diagonal,,,true,true,false,
zz4_pair_0281,281,upper_triangle_including_diagonal,18,20,d8152fa95ab9f51d,fa8359bc13d94b4e,,,,,off_diagonal,,,true,true,false,
zz4_pair_0282,282,upper_triangle_including_diagonal,18,21,d8152fa95ab9f51d,e670c8b96454834e,,,,,off_diagonal,,,true,true,false,
zz4_pair_0283,283,upper_triangle_including_diagonal,18,22,d8152fa95ab9f51d,c46db9ff584498d8,,,,,off_diagonal,,,true,true,false,
zz4_pair_0284,284,upper_triangle_including_diagonal,18,23,d8152fa95ab9f51d,b1c2bbb93e4f5cb2,,,,,off_diagonal,,,true,true,false,
zz4_pair_0285,285,upper_triangle_including_diagonal,19,19,664a7fad6c56bb69,664a7fad6c56bb69,,,,,diagonal,,,false,true,false,diagonal may be measured or set to one by documented execution policy
zz4_pair_0286,286,upper_triangle_including_diagonal,19,20,664a7fad6c56bb69,fa8359bc13d94b4e,,,,,off_diagonal,,,true,true,false,
zz4_pair_0287,287,upper_triangle_including_diagonal,19,21,664a7fad6c56bb69,e670c8b96454834e,,,,,off_diagonal,,,true,true,false,
zz4_pair_0288,288,upper_triangle_including_diagonal,19,22,664a7fad6c56bb69,c46db9ff584498d8,,,,,off_diagonal,,,true,true,false,
zz4_pair_0289,289,upper_triangle_including_diagonal,19,23,664a7fad6c56bb69,b1c2bbb93e4f5cb2,,,,,off_diagonal,,,true,true,false,
zz4_pair_0290,290,upper_triangle_including_diagonal,20,20,fa8359bc13d94b4e,fa8359bc13d94b4e,,,,,diagonal,,,false,true,false,diagonal may be measured or set to one by documented execution policy
zz4_pair_0291,291,upper_triangle_including_diagonal,20,21,fa8359bc13d94b4e,e670c8b96454834e,,,,,off_diagonal,,,true,true,false,
zz4_pair_0292,292,upper_triangle_including_diagonal,20,22,fa8359bc13d94b4e,c46db9ff584498d8,,,,,off_diagonal,,,true,true,false,
zz4_pair_0293,293,upper_triangle_including_diagonal,20,23,fa8359bc13d94b4e,b1c2bbb93e4f5cb2,,,,,off_diagonal,,,true,true,false,
zz4_pair_0294,294,upper_triangle_including_diagonal,21,21,e670c8b96454834e,e670c8b96454834e,,,,,diagonal,,,false,true,false,diagonal may be measured or set to one by documented execution policy
zz4_pair_0295,295,upper_triangle_including_diagonal,21,22,e670c8b96454834e,c46db9ff584498d8,,,,,off_diagonal,,,true,true,false,
zz4_pair_0296,296,upper_triangle_including_diagonal,21,23,e670c8b96454834e,b1c2bbb93e4f5cb2,,,,,off_diagonal,,,true,true,false,
zz4_pair_0297,297,upper_triangle_including_diagonal,22,22,c46db9ff584498d8,c46db9ff584498d8,,,,,diagonal,,,false,true,false,diagonal may be measured or set to one by documented execution policy
zz4_pair_0298,298,upper_triangle_including_diagonal,22,23,c46db9ff584498d8,b1c2bbb93e4f5cb2,,,,,off_diagonal,,,true,true,false,
zz4_pair_0299,299,upper_triangle_including_diagonal,23,23,b1c2bbb93e4f5cb2,b1c2bbb93e4f5cb2,,,,,diagonal,,,false,true,false,diagonal may be measured or set to one by documented execution policy
