regime_id,pub_order,circuit_index_i,raw_metadata_i,circuit_index_j,raw_metadata_j,circuit_index_pair_id,raw_metadata_pair_id,match
H0,0,0,0,0,0,zz4_pair_0000,zz4_pair_0000,True
H0,1,0,0,1,1,zz4_pair_0001,zz4_pair_0001,True
H0,2,0,0,2,2,zz4_pair_0002,zz4_pair_0002,True
H0,3,0,0,3,3,zz4_pair_0003,zz4_pair_0003,True
H0,4,0,0,4,4,zz4_pair_0004,zz4_pair_0004,True
H0,5,0,0,5,5,zz4_pair_0005,zz4_pair_0005,True
H0,6,0,0,6,6,zz4_pair_0006,zz4_pair_0006,True
H0,7,0,0,7,7,zz4_pair_0007,zz4_pair_0007,True
H0,8,0,0,8,8,zz4_pair_0008,zz4_pair_0008,True
H0,9,0,0,9,9,zz4_pair_0009,zz4_pair_0009,True
H0,10,0,0,10,10,zz4_pair_0010,zz4_pair_0010,True
H0,11,0,0,11,11,zz4_pair_0011,zz4_pair_0011,True
H0,12,0,0,12,12,zz4_pair_0012,zz4_pair_0012,True
H0,13,0,0,13,13,zz4_pair_0013,zz4_pair_0013,True
H0,14,0,0,14,14,zz4_pair_0014,zz4_pair_0014,True
H0,15,0,0,15,15,zz4_pair_0015,zz4_pair_0015,True
H0,16,0,0,16,16,zz4_pair_0016,zz4_pair_0016,True
H0,17,0,0,17,17,zz4_pair_0017,zz4_pair_0017,True
H0,18,0,0,18,18,zz4_pair_0018,zz4_pair_0018,True
H0,19,0,0,19,19,zz4_pair_0019,zz4_pair_0019,True
H0,20,0,0,20,20,zz4_pair_0020,zz4_pair_0020,True
H0,21,0,0,21,21,zz4_pair_0021,zz4_pair_0021,True
H0,22,0,0,22,22,zz4_pair_0022,zz4_pair_0022,True
H0,23,0,0,23,23,zz4_pair_0023,zz4_pair_0023,True
H0,24,1,1,1,1,zz4_pair_0024,zz4_pair_0024,True
H0,25,1,1,2,2,zz4_pair_0025,zz4_pair_0025,True
H0,26,1,1,3,3,zz4_pair_0026,zz4_pair_0026,True
H0,27,1,1,4,4,zz4_pair_0027,zz4_pair_0027,True
H0,28,1,1,5,5,zz4_pair_0028,zz4_pair_0028,True
H0,29,1,1,6,6,zz4_pair_0029,zz4_pair_0029,True
H0,30,1,1,7,7,zz4_pair_0030,zz4_pair_0030,True
H0,31,1,1,8,8,zz4_pair_0031,zz4_pair_0031,True
H0,32,1,1,9,9,zz4_pair_0032,zz4_pair_0032,True
H0,33,1,1,10,10,zz4_pair_0033,zz4_pair_0033,True
H0,34,1,1,11,11,zz4_pair_0034,zz4_pair_0034,True
H0,35,1,1,12,12,zz4_pair_0035,zz4_pair_0035,True
H0,36,1,1,13,13,zz4_pair_0036,zz4_pair_0036,True
H0,37,1,1,14,14,zz4_pair_0037,zz4_pair_0037,True
H0,38,1,1,15,15,zz4_pair_0038,zz4_pair_0038,True
H0,39,1,1,16,16,zz4_pair_0039,zz4_pair_0039,True
H0,40,1,1,17,17,zz4_pair_0040,zz4_pair_0040,True
H0,41,1,1,18,18,zz4_pair_0041,zz4_pair_0041,True
H0,42,1,1,19,19,zz4_pair_0042,zz4_pair_0042,True
H0,43,1,1,20,20,zz4_pair_0043,zz4_pair_0043,True
H0,44,1,1,21,21,zz4_pair_0044,zz4_pair_0044,True
H0,45,1,1,22,22,zz4_pair_0045,zz4_pair_0045,True
H0,46,1,1,23,23,zz4_pair_0046,zz4_pair_0046,True
H0,47,2,2,2,2,zz4_pair_0047,zz4_pair_0047,True
H0,48,2,2,3,3,zz4_pair_0048,zz4_pair_0048,True
H0,49,2,2,4,4,zz4_pair_0049,zz4_pair_0049,True
H0,50,2,2,5,5,zz4_pair_0050,zz4_pair_0050,True
H0,51,2,2,6,6,zz4_pair_0051,zz4_pair_0051,True
H0,52,2,2,7,7,zz4_pair_0052,zz4_pair_0052,True
H0,53,2,2,8,8,zz4_pair_0053,zz4_pair_0053,True
H0,54,2,2,9,9,zz4_pair_0054,zz4_pair_0054,True
H0,55,2,2,10,10,zz4_pair_0055,zz4_pair_0055,True
H0,56,2,2,11,11,zz4_pair_0056,zz4_pair_0056,True
H0,57,2,2,12,12,zz4_pair_0057,zz4_pair_0057,True
H0,58,2,2,13,13,zz4_pair_0058,zz4_pair_0058,True
H0,59,2,2,14,14,zz4_pair_0059,zz4_pair_0059,True
H0,60,2,2,15,15,zz4_pair_0060,zz4_pair_0060,True
H0,61,2,2,16,16,zz4_pair_0061,zz4_pair_0061,True
H0,62,2,2,17,17,zz4_pair_0062,zz4_pair_0062,True
H0,63,2,2,18,18,zz4_pair_0063,zz4_pair_0063,True
H0,64,2,2,19,19,zz4_pair_0064,zz4_pair_0064,True
H0,65,2,2,20,20,zz4_pair_0065,zz4_pair_0065,True
H0,66,2,2,21,21,zz4_pair_0066,zz4_pair_0066,True
H0,67,2,2,22,22,zz4_pair_0067,zz4_pair_0067,True
H0,68,2,2,23,23,zz4_pair_0068,zz4_pair_0068,True
H0,69,3,3,3,3,zz4_pair_0069,zz4_pair_0069,True
H0,70,3,3,4,4,zz4_pair_0070,zz4_pair_0070,True
H0,71,3,3,5,5,zz4_pair_0071,zz4_pair_0071,True
H0,72,3,3,6,6,zz4_pair_0072,zz4_pair_0072,True
H0,73,3,3,7,7,zz4_pair_0073,zz4_pair_0073,True
H0,74,3,3,8,8,zz4_pair_0074,zz4_pair_0074,True
H0,75,3,3,9,9,zz4_pair_0075,zz4_pair_0075,True
H0,76,3,3,10,10,zz4_pair_0076,zz4_pair_0076,True
H0,77,3,3,11,11,zz4_pair_0077,zz4_pair_0077,True
H0,78,3,3,12,12,zz4_pair_0078,zz4_pair_0078,True
H0,79,3,3,13,13,zz4_pair_0079,zz4_pair_0079,True
H0,80,3,3,14,14,zz4_pair_0080,zz4_pair_0080,True
H0,81,3,3,15,15,zz4_pair_0081,zz4_pair_0081,True
H0,82,3,3,16,16,zz4_pair_0082,zz4_pair_0082,True
H0,83,3,3,17,17,zz4_pair_0083,zz4_pair_0083,True
H0,84,3,3,18,18,zz4_pair_0084,zz4_pair_0084,True
H0,85,3,3,19,19,zz4_pair_0085,zz4_pair_0085,True
H0,86,3,3,20,20,zz4_pair_0086,zz4_pair_0086,True
H0,87,3,3,21,21,zz4_pair_0087,zz4_pair_0087,True
H0,88,3,3,22,22,zz4_pair_0088,zz4_pair_0088,True
H0,89,3,3,23,23,zz4_pair_0089,zz4_pair_0089,True
H0,90,4,4,4,4,zz4_pair_0090,zz4_pair_0090,True
H0,91,4,4,5,5,zz4_pair_0091,zz4_pair_0091,True
H0,92,4,4,6,6,zz4_pair_0092,zz4_pair_0092,True
H0,93,4,4,7,7,zz4_pair_0093,zz4_pair_0093,True
H0,94,4,4,8,8,zz4_pair_0094,zz4_pair_0094,True
H0,95,4,4,9,9,zz4_pair_0095,zz4_pair_0095,True
H0,96,4,4,10,10,zz4_pair_0096,zz4_pair_0096,True
H0,97,4,4,11,11,zz4_pair_0097,zz4_pair_0097,True
H0,98,4,4,12,12,zz4_pair_0098,zz4_pair_0098,True
H0,99,4,4,13,13,zz4_pair_0099,zz4_pair_0099,True
H0,100,4,4,14,14,zz4_pair_0100,zz4_pair_0100,True
H0,101,4,4,15,15,zz4_pair_0101,zz4_pair_0101,True
H0,102,4,4,16,16,zz4_pair_0102,zz4_pair_0102,True
H0,103,4,4,17,17,zz4_pair_0103,zz4_pair_0103,True
H0,104,4,4,18,18,zz4_pair_0104,zz4_pair_0104,True
H0,105,4,4,19,19,zz4_pair_0105,zz4_pair_0105,True
H0,106,4,4,20,20,zz4_pair_0106,zz4_pair_0106,True
H0,107,4,4,21,21,zz4_pair_0107,zz4_pair_0107,True
H0,108,4,4,22,22,zz4_pair_0108,zz4_pair_0108,True
H0,109,4,4,23,23,zz4_pair_0109,zz4_pair_0109,True
H0,110,5,5,5,5,zz4_pair_0110,zz4_pair_0110,True
H0,111,5,5,6,6,zz4_pair_0111,zz4_pair_0111,True
H0,112,5,5,7,7,zz4_pair_0112,zz4_pair_0112,True
H0,113,5,5,8,8,zz4_pair_0113,zz4_pair_0113,True
H0,114,5,5,9,9,zz4_pair_0114,zz4_pair_0114,True
H0,115,5,5,10,10,zz4_pair_0115,zz4_pair_0115,True
H0,116,5,5,11,11,zz4_pair_0116,zz4_pair_0116,True
H0,117,5,5,12,12,zz4_pair_0117,zz4_pair_0117,True
H0,118,5,5,13,13,zz4_pair_0118,zz4_pair_0118,True
H0,119,5,5,14,14,zz4_pair_0119,zz4_pair_0119,True
H0,120,5,5,15,15,zz4_pair_0120,zz4_pair_0120,True
H0,121,5,5,16,16,zz4_pair_0121,zz4_pair_0121,True
H0,122,5,5,17,17,zz4_pair_0122,zz4_pair_0122,True
H0,123,5,5,18,18,zz4_pair_0123,zz4_pair_0123,True
H0,124,5,5,19,19,zz4_pair_0124,zz4_pair_0124,True
H0,125,5,5,20,20,zz4_pair_0125,zz4_pair_0125,True
H0,126,5,5,21,21,zz4_pair_0126,zz4_pair_0126,True
H0,127,5,5,22,22,zz4_pair_0127,zz4_pair_0127,True
H0,128,5,5,23,23,zz4_pair_0128,zz4_pair_0128,True
H0,129,6,6,6,6,zz4_pair_0129,zz4_pair_0129,True
H0,130,6,6,7,7,zz4_pair_0130,zz4_pair_0130,True
H0,131,6,6,8,8,zz4_pair_0131,zz4_pair_0131,True
H0,132,6,6,9,9,zz4_pair_0132,zz4_pair_0132,True
H0,133,6,6,10,10,zz4_pair_0133,zz4_pair_0133,True
H0,134,6,6,11,11,zz4_pair_0134,zz4_pair_0134,True
H0,135,6,6,12,12,zz4_pair_0135,zz4_pair_0135,True
H0,136,6,6,13,13,zz4_pair_0136,zz4_pair_0136,True
H0,137,6,6,14,14,zz4_pair_0137,zz4_pair_0137,True
H0,138,6,6,15,15,zz4_pair_0138,zz4_pair_0138,True
H0,139,6,6,16,16,zz4_pair_0139,zz4_pair_0139,True
H0,140,6,6,17,17,zz4_pair_0140,zz4_pair_0140,True
H0,141,6,6,18,18,zz4_pair_0141,zz4_pair_0141,True
H0,142,6,6,19,19,zz4_pair_0142,zz4_pair_0142,True
H0,143,6,6,20,20,zz4_pair_0143,zz4_pair_0143,True
H0,144,6,6,21,21,zz4_pair_0144,zz4_pair_0144,True
H0,145,6,6,22,22,zz4_pair_0145,zz4_pair_0145,True
H0,146,6,6,23,23,zz4_pair_0146,zz4_pair_0146,True
H0,147,7,7,7,7,zz4_pair_0147,zz4_pair_0147,True
H0,148,7,7,8,8,zz4_pair_0148,zz4_pair_0148,True
H0,149,7,7,9,9,zz4_pair_0149,zz4_pair_0149,True
H0,150,7,7,10,10,zz4_pair_0150,zz4_pair_0150,True
H0,151,7,7,11,11,zz4_pair_0151,zz4_pair_0151,True
H0,152,7,7,12,12,zz4_pair_0152,zz4_pair_0152,True
H0,153,7,7,13,13,zz4_pair_0153,zz4_pair_0153,True
H0,154,7,7,14,14,zz4_pair_0154,zz4_pair_0154,True
H0,155,7,7,15,15,zz4_pair_0155,zz4_pair_0155,True
H0,156,7,7,16,16,zz4_pair_0156,zz4_pair_0156,True
H0,157,7,7,17,17,zz4_pair_0157,zz4_pair_0157,True
H0,158,7,7,18,18,zz4_pair_0158,zz4_pair_0158,True
H0,159,7,7,19,19,zz4_pair_0159,zz4_pair_0159,True
H0,160,7,7,20,20,zz4_pair_0160,zz4_pair_0160,True
H0,161,7,7,21,21,zz4_pair_0161,zz4_pair_0161,True
H0,162,7,7,22,22,zz4_pair_0162,zz4_pair_0162,True
H0,163,7,7,23,23,zz4_pair_0163,zz4_pair_0163,True
H0,164,8,8,8,8,zz4_pair_0164,zz4_pair_0164,True
H0,165,8,8,9,9,zz4_pair_0165,zz4_pair_0165,True
H0,166,8,8,10,10,zz4_pair_0166,zz4_pair_0166,True
H0,167,8,8,11,11,zz4_pair_0167,zz4_pair_0167,True
H0,168,8,8,12,12,zz4_pair_0168,zz4_pair_0168,True
H0,169,8,8,13,13,zz4_pair_0169,zz4_pair_0169,True
H0,170,8,8,14,14,zz4_pair_0170,zz4_pair_0170,True
H0,171,8,8,15,15,zz4_pair_0171,zz4_pair_0171,True
H0,172,8,8,16,16,zz4_pair_0172,zz4_pair_0172,True
H0,173,8,8,17,17,zz4_pair_0173,zz4_pair_0173,True
H0,174,8,8,18,18,zz4_pair_0174,zz4_pair_0174,True
H0,175,8,8,19,19,zz4_pair_0175,zz4_pair_0175,True
H0,176,8,8,20,20,zz4_pair_0176,zz4_pair_0176,True
H0,177,8,8,21,21,zz4_pair_0177,zz4_pair_0177,True
H0,178,8,8,22,22,zz4_pair_0178,zz4_pair_0178,True
H0,179,8,8,23,23,zz4_pair_0179,zz4_pair_0179,True
H0,180,9,9,9,9,zz4_pair_0180,zz4_pair_0180,True
H0,181,9,9,10,10,zz4_pair_0181,zz4_pair_0181,True
H0,182,9,9,11,11,zz4_pair_0182,zz4_pair_0182,True
H0,183,9,9,12,12,zz4_pair_0183,zz4_pair_0183,True
H0,184,9,9,13,13,zz4_pair_0184,zz4_pair_0184,True
H0,185,9,9,14,14,zz4_pair_0185,zz4_pair_0185,True
H0,186,9,9,15,15,zz4_pair_0186,zz4_pair_0186,True
H0,187,9,9,16,16,zz4_pair_0187,zz4_pair_0187,True
H0,188,9,9,17,17,zz4_pair_0188,zz4_pair_0188,True
H0,189,9,9,18,18,zz4_pair_0189,zz4_pair_0189,True
H0,190,9,9,19,19,zz4_pair_0190,zz4_pair_0190,True
H0,191,9,9,20,20,zz4_pair_0191,zz4_pair_0191,True
H0,192,9,9,21,21,zz4_pair_0192,zz4_pair_0192,True
H0,193,9,9,22,22,zz4_pair_0193,zz4_pair_0193,True
H0,194,9,9,23,23,zz4_pair_0194,zz4_pair_0194,True
H0,195,10,10,10,10,zz4_pair_0195,zz4_pair_0195,True
H0,196,10,10,11,11,zz4_pair_0196,zz4_pair_0196,True
H0,197,10,10,12,12,zz4_pair_0197,zz4_pair_0197,True
H0,198,10,10,13,13,zz4_pair_0198,zz4_pair_0198,True
H0,199,10,10,14,14,zz4_pair_0199,zz4_pair_0199,True
H0,200,10,10,15,15,zz4_pair_0200,zz4_pair_0200,True
H0,201,10,10,16,16,zz4_pair_0201,zz4_pair_0201,True
H0,202,10,10,17,17,zz4_pair_0202,zz4_pair_0202,True
H0,203,10,10,18,18,zz4_pair_0203,zz4_pair_0203,True
H0,204,10,10,19,19,zz4_pair_0204,zz4_pair_0204,True
H0,205,10,10,20,20,zz4_pair_0205,zz4_pair_0205,True
H0,206,10,10,21,21,zz4_pair_0206,zz4_pair_0206,True
H0,207,10,10,22,22,zz4_pair_0207,zz4_pair_0207,True
H0,208,10,10,23,23,zz4_pair_0208,zz4_pair_0208,True
H0,209,11,11,11,11,zz4_pair_0209,zz4_pair_0209,True
H0,210,11,11,12,12,zz4_pair_0210,zz4_pair_0210,True
H0,211,11,11,13,13,zz4_pair_0211,zz4_pair_0211,True
H0,212,11,11,14,14,zz4_pair_0212,zz4_pair_0212,True
H0,213,11,11,15,15,zz4_pair_0213,zz4_pair_0213,True
H0,214,11,11,16,16,zz4_pair_0214,zz4_pair_0214,True
H0,215,11,11,17,17,zz4_pair_0215,zz4_pair_0215,True
H0,216,11,11,18,18,zz4_pair_0216,zz4_pair_0216,True
H0,217,11,11,19,19,zz4_pair_0217,zz4_pair_0217,True
H0,218,11,11,20,20,zz4_pair_0218,zz4_pair_0218,True
H0,219,11,11,21,21,zz4_pair_0219,zz4_pair_0219,True
H0,220,11,11,22,22,zz4_pair_0220,zz4_pair_0220,True
H0,221,11,11,23,23,zz4_pair_0221,zz4_pair_0221,True
H0,222,12,12,12,12,zz4_pair_0222,zz4_pair_0222,True
H0,223,12,12,13,13,zz4_pair_0223,zz4_pair_0223,True
H0,224,12,12,14,14,zz4_pair_0224,zz4_pair_0224,True
H0,225,12,12,15,15,zz4_pair_0225,zz4_pair_0225,True
H0,226,12,12,16,16,zz4_pair_0226,zz4_pair_0226,True
H0,227,12,12,17,17,zz4_pair_0227,zz4_pair_0227,True
H0,228,12,12,18,18,zz4_pair_0228,zz4_pair_0228,True
H0,229,12,12,19,19,zz4_pair_0229,zz4_pair_0229,True
H0,230,12,12,20,20,zz4_pair_0230,zz4_pair_0230,True
H0,231,12,12,21,21,zz4_pair_0231,zz4_pair_0231,True
H0,232,12,12,22,22,zz4_pair_0232,zz4_pair_0232,True
H0,233,12,12,23,23,zz4_pair_0233,zz4_pair_0233,True
H0,234,13,13,13,13,zz4_pair_0234,zz4_pair_0234,True
H0,235,13,13,14,14,zz4_pair_0235,zz4_pair_0235,True
H0,236,13,13,15,15,zz4_pair_0236,zz4_pair_0236,True
H0,237,13,13,16,16,zz4_pair_0237,zz4_pair_0237,True
H0,238,13,13,17,17,zz4_pair_0238,zz4_pair_0238,True
H0,239,13,13,18,18,zz4_pair_0239,zz4_pair_0239,True
H0,240,13,13,19,19,zz4_pair_0240,zz4_pair_0240,True
H0,241,13,13,20,20,zz4_pair_0241,zz4_pair_0241,True
H0,242,13,13,21,21,zz4_pair_0242,zz4_pair_0242,True
H0,243,13,13,22,22,zz4_pair_0243,zz4_pair_0243,True
H0,244,13,13,23,23,zz4_pair_0244,zz4_pair_0244,True
H0,245,14,14,14,14,zz4_pair_0245,zz4_pair_0245,True
H0,246,14,14,15,15,zz4_pair_0246,zz4_pair_0246,True
H0,247,14,14,16,16,zz4_pair_0247,zz4_pair_0247,True
H0,248,14,14,17,17,zz4_pair_0248,zz4_pair_0248,True
H0,249,14,14,18,18,zz4_pair_0249,zz4_pair_0249,True
H0,250,14,14,19,19,zz4_pair_0250,zz4_pair_0250,True
H0,251,14,14,20,20,zz4_pair_0251,zz4_pair_0251,True
H0,252,14,14,21,21,zz4_pair_0252,zz4_pair_0252,True
H0,253,14,14,22,22,zz4_pair_0253,zz4_pair_0253,True
H0,254,14,14,23,23,zz4_pair_0254,zz4_pair_0254,True
H0,255,15,15,15,15,zz4_pair_0255,zz4_pair_0255,True
H0,256,15,15,16,16,zz4_pair_0256,zz4_pair_0256,True
H0,257,15,15,17,17,zz4_pair_0257,zz4_pair_0257,True
H0,258,15,15,18,18,zz4_pair_0258,zz4_pair_0258,True
H0,259,15,15,19,19,zz4_pair_0259,zz4_pair_0259,True
H0,260,15,15,20,20,zz4_pair_0260,zz4_pair_0260,True
H0,261,15,15,21,21,zz4_pair_0261,zz4_pair_0261,True
H0,262,15,15,22,22,zz4_pair_0262,zz4_pair_0262,True
H0,263,15,15,23,23,zz4_pair_0263,zz4_pair_0263,True
H0,264,16,16,16,16,zz4_pair_0264,zz4_pair_0264,True
H0,265,16,16,17,17,zz4_pair_0265,zz4_pair_0265,True
H0,266,16,16,18,18,zz4_pair_0266,zz4_pair_0266,True
H0,267,16,16,19,19,zz4_pair_0267,zz4_pair_0267,True
H0,268,16,16,20,20,zz4_pair_0268,zz4_pair_0268,True
H0,269,16,16,21,21,zz4_pair_0269,zz4_pair_0269,True
H0,270,16,16,22,22,zz4_pair_0270,zz4_pair_0270,True
H0,271,16,16,23,23,zz4_pair_0271,zz4_pair_0271,True
H0,272,17,17,17,17,zz4_pair_0272,zz4_pair_0272,True
H0,273,17,17,18,18,zz4_pair_0273,zz4_pair_0273,True
H0,274,17,17,19,19,zz4_pair_0274,zz4_pair_0274,True
H0,275,17,17,20,20,zz4_pair_0275,zz4_pair_0275,True
H0,276,17,17,21,21,zz4_pair_0276,zz4_pair_0276,True
H0,277,17,17,22,22,zz4_pair_0277,zz4_pair_0277,True
H0,278,17,17,23,23,zz4_pair_0278,zz4_pair_0278,True
H0,279,18,18,18,18,zz4_pair_0279,zz4_pair_0279,True
H0,280,18,18,19,19,zz4_pair_0280,zz4_pair_0280,True
H0,281,18,18,20,20,zz4_pair_0281,zz4_pair_0281,True
H0,282,18,18,21,21,zz4_pair_0282,zz4_pair_0282,True
H0,283,18,18,22,22,zz4_pair_0283,zz4_pair_0283,True
H0,284,18,18,23,23,zz4_pair_0284,zz4_pair_0284,True
H0,285,19,19,19,19,zz4_pair_0285,zz4_pair_0285,True
H0,286,19,19,20,20,zz4_pair_0286,zz4_pair_0286,True
H0,287,19,19,21,21,zz4_pair_0287,zz4_pair_0287,True
H0,288,19,19,22,22,zz4_pair_0288,zz4_pair_0288,True
H0,289,19,19,23,23,zz4_pair_0289,zz4_pair_0289,True
H0,290,20,20,20,20,zz4_pair_0290,zz4_pair_0290,True
H0,291,20,20,21,21,zz4_pair_0291,zz4_pair_0291,True
H0,292,20,20,22,22,zz4_pair_0292,zz4_pair_0292,True
H0,293,20,20,23,23,zz4_pair_0293,zz4_pair_0293,True
H0,294,21,21,21,21,zz4_pair_0294,zz4_pair_0294,True
H0,295,21,21,22,22,zz4_pair_0295,zz4_pair_0295,True
H0,296,21,21,23,23,zz4_pair_0296,zz4_pair_0296,True
H0,297,22,22,22,22,zz4_pair_0297,zz4_pair_0297,True
H0,298,22,22,23,23,zz4_pair_0298,zz4_pair_0298,True
H0,299,23,23,23,23,zz4_pair_0299,zz4_pair_0299,True
H1,0,0,0,0,0,zz4_pair_0000,zz4_pair_0000,True
H1,1,0,0,1,1,zz4_pair_0001,zz4_pair_0001,True
H1,2,0,0,2,2,zz4_pair_0002,zz4_pair_0002,True
H1,3,0,0,3,3,zz4_pair_0003,zz4_pair_0003,True
H1,4,0,0,4,4,zz4_pair_0004,zz4_pair_0004,True
H1,5,0,0,5,5,zz4_pair_0005,zz4_pair_0005,True
H1,6,0,0,6,6,zz4_pair_0006,zz4_pair_0006,True
H1,7,0,0,7,7,zz4_pair_0007,zz4_pair_0007,True
H1,8,0,0,8,8,zz4_pair_0008,zz4_pair_0008,True
H1,9,0,0,9,9,zz4_pair_0009,zz4_pair_0009,True
H1,10,0,0,10,10,zz4_pair_0010,zz4_pair_0010,True
H1,11,0,0,11,11,zz4_pair_0011,zz4_pair_0011,True
H1,12,0,0,12,12,zz4_pair_0012,zz4_pair_0012,True
H1,13,0,0,13,13,zz4_pair_0013,zz4_pair_0013,True
H1,14,0,0,14,14,zz4_pair_0014,zz4_pair_0014,True
H1,15,0,0,15,15,zz4_pair_0015,zz4_pair_0015,True
H1,16,0,0,16,16,zz4_pair_0016,zz4_pair_0016,True
H1,17,0,0,17,17,zz4_pair_0017,zz4_pair_0017,True
H1,18,0,0,18,18,zz4_pair_0018,zz4_pair_0018,True
H1,19,0,0,19,19,zz4_pair_0019,zz4_pair_0019,True
H1,20,0,0,20,20,zz4_pair_0020,zz4_pair_0020,True
H1,21,0,0,21,21,zz4_pair_0021,zz4_pair_0021,True
H1,22,0,0,22,22,zz4_pair_0022,zz4_pair_0022,True
H1,23,0,0,23,23,zz4_pair_0023,zz4_pair_0023,True
H1,24,1,1,1,1,zz4_pair_0024,zz4_pair_0024,True
H1,25,1,1,2,2,zz4_pair_0025,zz4_pair_0025,True
H1,26,1,1,3,3,zz4_pair_0026,zz4_pair_0026,True
H1,27,1,1,4,4,zz4_pair_0027,zz4_pair_0027,True
H1,28,1,1,5,5,zz4_pair_0028,zz4_pair_0028,True
H1,29,1,1,6,6,zz4_pair_0029,zz4_pair_0029,True
H1,30,1,1,7,7,zz4_pair_0030,zz4_pair_0030,True
H1,31,1,1,8,8,zz4_pair_0031,zz4_pair_0031,True
H1,32,1,1,9,9,zz4_pair_0032,zz4_pair_0032,True
H1,33,1,1,10,10,zz4_pair_0033,zz4_pair_0033,True
H1,34,1,1,11,11,zz4_pair_0034,zz4_pair_0034,True
H1,35,1,1,12,12,zz4_pair_0035,zz4_pair_0035,True
H1,36,1,1,13,13,zz4_pair_0036,zz4_pair_0036,True
H1,37,1,1,14,14,zz4_pair_0037,zz4_pair_0037,True
H1,38,1,1,15,15,zz4_pair_0038,zz4_pair_0038,True
H1,39,1,1,16,16,zz4_pair_0039,zz4_pair_0039,True
H1,40,1,1,17,17,zz4_pair_0040,zz4_pair_0040,True
H1,41,1,1,18,18,zz4_pair_0041,zz4_pair_0041,True
H1,42,1,1,19,19,zz4_pair_0042,zz4_pair_0042,True
H1,43,1,1,20,20,zz4_pair_0043,zz4_pair_0043,True
H1,44,1,1,21,21,zz4_pair_0044,zz4_pair_0044,True
H1,45,1,1,22,22,zz4_pair_0045,zz4_pair_0045,True
H1,46,1,1,23,23,zz4_pair_0046,zz4_pair_0046,True
H1,47,2,2,2,2,zz4_pair_0047,zz4_pair_0047,True
H1,48,2,2,3,3,zz4_pair_0048,zz4_pair_0048,True
H1,49,2,2,4,4,zz4_pair_0049,zz4_pair_0049,True
H1,50,2,2,5,5,zz4_pair_0050,zz4_pair_0050,True
H1,51,2,2,6,6,zz4_pair_0051,zz4_pair_0051,True
H1,52,2,2,7,7,zz4_pair_0052,zz4_pair_0052,True
H1,53,2,2,8,8,zz4_pair_0053,zz4_pair_0053,True
H1,54,2,2,9,9,zz4_pair_0054,zz4_pair_0054,True
H1,55,2,2,10,10,zz4_pair_0055,zz4_pair_0055,True
H1,56,2,2,11,11,zz4_pair_0056,zz4_pair_0056,True
H1,57,2,2,12,12,zz4_pair_0057,zz4_pair_0057,True
H1,58,2,2,13,13,zz4_pair_0058,zz4_pair_0058,True
H1,59,2,2,14,14,zz4_pair_0059,zz4_pair_0059,True
H1,60,2,2,15,15,zz4_pair_0060,zz4_pair_0060,True
H1,61,2,2,16,16,zz4_pair_0061,zz4_pair_0061,True
H1,62,2,2,17,17,zz4_pair_0062,zz4_pair_0062,True
H1,63,2,2,18,18,zz4_pair_0063,zz4_pair_0063,True
H1,64,2,2,19,19,zz4_pair_0064,zz4_pair_0064,True
H1,65,2,2,20,20,zz4_pair_0065,zz4_pair_0065,True
H1,66,2,2,21,21,zz4_pair_0066,zz4_pair_0066,True
H1,67,2,2,22,22,zz4_pair_0067,zz4_pair_0067,True
H1,68,2,2,23,23,zz4_pair_0068,zz4_pair_0068,True
H1,69,3,3,3,3,zz4_pair_0069,zz4_pair_0069,True
H1,70,3,3,4,4,zz4_pair_0070,zz4_pair_0070,True
H1,71,3,3,5,5,zz4_pair_0071,zz4_pair_0071,True
H1,72,3,3,6,6,zz4_pair_0072,zz4_pair_0072,True
H1,73,3,3,7,7,zz4_pair_0073,zz4_pair_0073,True
H1,74,3,3,8,8,zz4_pair_0074,zz4_pair_0074,True
H1,75,3,3,9,9,zz4_pair_0075,zz4_pair_0075,True
H1,76,3,3,10,10,zz4_pair_0076,zz4_pair_0076,True
H1,77,3,3,11,11,zz4_pair_0077,zz4_pair_0077,True
H1,78,3,3,12,12,zz4_pair_0078,zz4_pair_0078,True
H1,79,3,3,13,13,zz4_pair_0079,zz4_pair_0079,True
H1,80,3,3,14,14,zz4_pair_0080,zz4_pair_0080,True
H1,81,3,3,15,15,zz4_pair_0081,zz4_pair_0081,True
H1,82,3,3,16,16,zz4_pair_0082,zz4_pair_0082,True
H1,83,3,3,17,17,zz4_pair_0083,zz4_pair_0083,True
H1,84,3,3,18,18,zz4_pair_0084,zz4_pair_0084,True
H1,85,3,3,19,19,zz4_pair_0085,zz4_pair_0085,True
H1,86,3,3,20,20,zz4_pair_0086,zz4_pair_0086,True
H1,87,3,3,21,21,zz4_pair_0087,zz4_pair_0087,True
H1,88,3,3,22,22,zz4_pair_0088,zz4_pair_0088,True
H1,89,3,3,23,23,zz4_pair_0089,zz4_pair_0089,True
H1,90,4,4,4,4,zz4_pair_0090,zz4_pair_0090,True
H1,91,4,4,5,5,zz4_pair_0091,zz4_pair_0091,True
H1,92,4,4,6,6,zz4_pair_0092,zz4_pair_0092,True
H1,93,4,4,7,7,zz4_pair_0093,zz4_pair_0093,True
H1,94,4,4,8,8,zz4_pair_0094,zz4_pair_0094,True
H1,95,4,4,9,9,zz4_pair_0095,zz4_pair_0095,True
H1,96,4,4,10,10,zz4_pair_0096,zz4_pair_0096,True
H1,97,4,4,11,11,zz4_pair_0097,zz4_pair_0097,True
H1,98,4,4,12,12,zz4_pair_0098,zz4_pair_0098,True
H1,99,4,4,13,13,zz4_pair_0099,zz4_pair_0099,True
H1,100,4,4,14,14,zz4_pair_0100,zz4_pair_0100,True
H1,101,4,4,15,15,zz4_pair_0101,zz4_pair_0101,True
H1,102,4,4,16,16,zz4_pair_0102,zz4_pair_0102,True
H1,103,4,4,17,17,zz4_pair_0103,zz4_pair_0103,True
H1,104,4,4,18,18,zz4_pair_0104,zz4_pair_0104,True
H1,105,4,4,19,19,zz4_pair_0105,zz4_pair_0105,True
H1,106,4,4,20,20,zz4_pair_0106,zz4_pair_0106,True
H1,107,4,4,21,21,zz4_pair_0107,zz4_pair_0107,True
H1,108,4,4,22,22,zz4_pair_0108,zz4_pair_0108,True
H1,109,4,4,23,23,zz4_pair_0109,zz4_pair_0109,True
H1,110,5,5,5,5,zz4_pair_0110,zz4_pair_0110,True
H1,111,5,5,6,6,zz4_pair_0111,zz4_pair_0111,True
H1,112,5,5,7,7,zz4_pair_0112,zz4_pair_0112,True
H1,113,5,5,8,8,zz4_pair_0113,zz4_pair_0113,True
H1,114,5,5,9,9,zz4_pair_0114,zz4_pair_0114,True
H1,115,5,5,10,10,zz4_pair_0115,zz4_pair_0115,True
H1,116,5,5,11,11,zz4_pair_0116,zz4_pair_0116,True
H1,117,5,5,12,12,zz4_pair_0117,zz4_pair_0117,True
H1,118,5,5,13,13,zz4_pair_0118,zz4_pair_0118,True
H1,119,5,5,14,14,zz4_pair_0119,zz4_pair_0119,True
H1,120,5,5,15,15,zz4_pair_0120,zz4_pair_0120,True
H1,121,5,5,16,16,zz4_pair_0121,zz4_pair_0121,True
H1,122,5,5,17,17,zz4_pair_0122,zz4_pair_0122,True
H1,123,5,5,18,18,zz4_pair_0123,zz4_pair_0123,True
H1,124,5,5,19,19,zz4_pair_0124,zz4_pair_0124,True
H1,125,5,5,20,20,zz4_pair_0125,zz4_pair_0125,True
H1,126,5,5,21,21,zz4_pair_0126,zz4_pair_0126,True
H1,127,5,5,22,22,zz4_pair_0127,zz4_pair_0127,True
H1,128,5,5,23,23,zz4_pair_0128,zz4_pair_0128,True
H1,129,6,6,6,6,zz4_pair_0129,zz4_pair_0129,True
H1,130,6,6,7,7,zz4_pair_0130,zz4_pair_0130,True
H1,131,6,6,8,8,zz4_pair_0131,zz4_pair_0131,True
H1,132,6,6,9,9,zz4_pair_0132,zz4_pair_0132,True
H1,133,6,6,10,10,zz4_pair_0133,zz4_pair_0133,True
H1,134,6,6,11,11,zz4_pair_0134,zz4_pair_0134,True
H1,135,6,6,12,12,zz4_pair_0135,zz4_pair_0135,True
H1,136,6,6,13,13,zz4_pair_0136,zz4_pair_0136,True
H1,137,6,6,14,14,zz4_pair_0137,zz4_pair_0137,True
H1,138,6,6,15,15,zz4_pair_0138,zz4_pair_0138,True
H1,139,6,6,16,16,zz4_pair_0139,zz4_pair_0139,True
H1,140,6,6,17,17,zz4_pair_0140,zz4_pair_0140,True
H1,141,6,6,18,18,zz4_pair_0141,zz4_pair_0141,True
H1,142,6,6,19,19,zz4_pair_0142,zz4_pair_0142,True
H1,143,6,6,20,20,zz4_pair_0143,zz4_pair_0143,True
H1,144,6,6,21,21,zz4_pair_0144,zz4_pair_0144,True
H1,145,6,6,22,22,zz4_pair_0145,zz4_pair_0145,True
H1,146,6,6,23,23,zz4_pair_0146,zz4_pair_0146,True
H1,147,7,7,7,7,zz4_pair_0147,zz4_pair_0147,True
H1,148,7,7,8,8,zz4_pair_0148,zz4_pair_0148,True
H1,149,7,7,9,9,zz4_pair_0149,zz4_pair_0149,True
H1,150,7,7,10,10,zz4_pair_0150,zz4_pair_0150,True
H1,151,7,7,11,11,zz4_pair_0151,zz4_pair_0151,True
H1,152,7,7,12,12,zz4_pair_0152,zz4_pair_0152,True
H1,153,7,7,13,13,zz4_pair_0153,zz4_pair_0153,True
H1,154,7,7,14,14,zz4_pair_0154,zz4_pair_0154,True
H1,155,7,7,15,15,zz4_pair_0155,zz4_pair_0155,True
H1,156,7,7,16,16,zz4_pair_0156,zz4_pair_0156,True
H1,157,7,7,17,17,zz4_pair_0157,zz4_pair_0157,True
H1,158,7,7,18,18,zz4_pair_0158,zz4_pair_0158,True
H1,159,7,7,19,19,zz4_pair_0159,zz4_pair_0159,True
H1,160,7,7,20,20,zz4_pair_0160,zz4_pair_0160,True
H1,161,7,7,21,21,zz4_pair_0161,zz4_pair_0161,True
H1,162,7,7,22,22,zz4_pair_0162,zz4_pair_0162,True
H1,163,7,7,23,23,zz4_pair_0163,zz4_pair_0163,True
H1,164,8,8,8,8,zz4_pair_0164,zz4_pair_0164,True
H1,165,8,8,9,9,zz4_pair_0165,zz4_pair_0165,True
H1,166,8,8,10,10,zz4_pair_0166,zz4_pair_0166,True
H1,167,8,8,11,11,zz4_pair_0167,zz4_pair_0167,True
H1,168,8,8,12,12,zz4_pair_0168,zz4_pair_0168,True
H1,169,8,8,13,13,zz4_pair_0169,zz4_pair_0169,True
H1,170,8,8,14,14,zz4_pair_0170,zz4_pair_0170,True
H1,171,8,8,15,15,zz4_pair_0171,zz4_pair_0171,True
H1,172,8,8,16,16,zz4_pair_0172,zz4_pair_0172,True
H1,173,8,8,17,17,zz4_pair_0173,zz4_pair_0173,True
H1,174,8,8,18,18,zz4_pair_0174,zz4_pair_0174,True
H1,175,8,8,19,19,zz4_pair_0175,zz4_pair_0175,True
H1,176,8,8,20,20,zz4_pair_0176,zz4_pair_0176,True
H1,177,8,8,21,21,zz4_pair_0177,zz4_pair_0177,True
H1,178,8,8,22,22,zz4_pair_0178,zz4_pair_0178,True
H1,179,8,8,23,23,zz4_pair_0179,zz4_pair_0179,True
H1,180,9,9,9,9,zz4_pair_0180,zz4_pair_0180,True
H1,181,9,9,10,10,zz4_pair_0181,zz4_pair_0181,True
H1,182,9,9,11,11,zz4_pair_0182,zz4_pair_0182,True
H1,183,9,9,12,12,zz4_pair_0183,zz4_pair_0183,True
H1,184,9,9,13,13,zz4_pair_0184,zz4_pair_0184,True
H1,185,9,9,14,14,zz4_pair_0185,zz4_pair_0185,True
H1,186,9,9,15,15,zz4_pair_0186,zz4_pair_0186,True
H1,187,9,9,16,16,zz4_pair_0187,zz4_pair_0187,True
H1,188,9,9,17,17,zz4_pair_0188,zz4_pair_0188,True
H1,189,9,9,18,18,zz4_pair_0189,zz4_pair_0189,True
H1,190,9,9,19,19,zz4_pair_0190,zz4_pair_0190,True
H1,191,9,9,20,20,zz4_pair_0191,zz4_pair_0191,True
H1,192,9,9,21,21,zz4_pair_0192,zz4_pair_0192,True
H1,193,9,9,22,22,zz4_pair_0193,zz4_pair_0193,True
H1,194,9,9,23,23,zz4_pair_0194,zz4_pair_0194,True
H1,195,10,10,10,10,zz4_pair_0195,zz4_pair_0195,True
H1,196,10,10,11,11,zz4_pair_0196,zz4_pair_0196,True
H1,197,10,10,12,12,zz4_pair_0197,zz4_pair_0197,True
H1,198,10,10,13,13,zz4_pair_0198,zz4_pair_0198,True
H1,199,10,10,14,14,zz4_pair_0199,zz4_pair_0199,True
H1,200,10,10,15,15,zz4_pair_0200,zz4_pair_0200,True
H1,201,10,10,16,16,zz4_pair_0201,zz4_pair_0201,True
H1,202,10,10,17,17,zz4_pair_0202,zz4_pair_0202,True
H1,203,10,10,18,18,zz4_pair_0203,zz4_pair_0203,True
H1,204,10,10,19,19,zz4_pair_0204,zz4_pair_0204,True
H1,205,10,10,20,20,zz4_pair_0205,zz4_pair_0205,True
H1,206,10,10,21,21,zz4_pair_0206,zz4_pair_0206,True
H1,207,10,10,22,22,zz4_pair_0207,zz4_pair_0207,True
H1,208,10,10,23,23,zz4_pair_0208,zz4_pair_0208,True
H1,209,11,11,11,11,zz4_pair_0209,zz4_pair_0209,True
H1,210,11,11,12,12,zz4_pair_0210,zz4_pair_0210,True
H1,211,11,11,13,13,zz4_pair_0211,zz4_pair_0211,True
H1,212,11,11,14,14,zz4_pair_0212,zz4_pair_0212,True
H1,213,11,11,15,15,zz4_pair_0213,zz4_pair_0213,True
H1,214,11,11,16,16,zz4_pair_0214,zz4_pair_0214,True
H1,215,11,11,17,17,zz4_pair_0215,zz4_pair_0215,True
H1,216,11,11,18,18,zz4_pair_0216,zz4_pair_0216,True
H1,217,11,11,19,19,zz4_pair_0217,zz4_pair_0217,True
H1,218,11,11,20,20,zz4_pair_0218,zz4_pair_0218,True
H1,219,11,11,21,21,zz4_pair_0219,zz4_pair_0219,True
H1,220,11,11,22,22,zz4_pair_0220,zz4_pair_0220,True
H1,221,11,11,23,23,zz4_pair_0221,zz4_pair_0221,True
H1,222,12,12,12,12,zz4_pair_0222,zz4_pair_0222,True
H1,223,12,12,13,13,zz4_pair_0223,zz4_pair_0223,True
H1,224,12,12,14,14,zz4_pair_0224,zz4_pair_0224,True
H1,225,12,12,15,15,zz4_pair_0225,zz4_pair_0225,True
H1,226,12,12,16,16,zz4_pair_0226,zz4_pair_0226,True
H1,227,12,12,17,17,zz4_pair_0227,zz4_pair_0227,True
H1,228,12,12,18,18,zz4_pair_0228,zz4_pair_0228,True
H1,229,12,12,19,19,zz4_pair_0229,zz4_pair_0229,True
H1,230,12,12,20,20,zz4_pair_0230,zz4_pair_0230,True
H1,231,12,12,21,21,zz4_pair_0231,zz4_pair_0231,True
H1,232,12,12,22,22,zz4_pair_0232,zz4_pair_0232,True
H1,233,12,12,23,23,zz4_pair_0233,zz4_pair_0233,True
H1,234,13,13,13,13,zz4_pair_0234,zz4_pair_0234,True
H1,235,13,13,14,14,zz4_pair_0235,zz4_pair_0235,True
H1,236,13,13,15,15,zz4_pair_0236,zz4_pair_0236,True
H1,237,13,13,16,16,zz4_pair_0237,zz4_pair_0237,True
H1,238,13,13,17,17,zz4_pair_0238,zz4_pair_0238,True
H1,239,13,13,18,18,zz4_pair_0239,zz4_pair_0239,True
H1,240,13,13,19,19,zz4_pair_0240,zz4_pair_0240,True
H1,241,13,13,20,20,zz4_pair_0241,zz4_pair_0241,True
H1,242,13,13,21,21,zz4_pair_0242,zz4_pair_0242,True
H1,243,13,13,22,22,zz4_pair_0243,zz4_pair_0243,True
H1,244,13,13,23,23,zz4_pair_0244,zz4_pair_0244,True
H1,245,14,14,14,14,zz4_pair_0245,zz4_pair_0245,True
H1,246,14,14,15,15,zz4_pair_0246,zz4_pair_0246,True
H1,247,14,14,16,16,zz4_pair_0247,zz4_pair_0247,True
H1,248,14,14,17,17,zz4_pair_0248,zz4_pair_0248,True
H1,249,14,14,18,18,zz4_pair_0249,zz4_pair_0249,True
H1,250,14,14,19,19,zz4_pair_0250,zz4_pair_0250,True
H1,251,14,14,20,20,zz4_pair_0251,zz4_pair_0251,True
H1,252,14,14,21,21,zz4_pair_0252,zz4_pair_0252,True
H1,253,14,14,22,22,zz4_pair_0253,zz4_pair_0253,True
H1,254,14,14,23,23,zz4_pair_0254,zz4_pair_0254,True
H1,255,15,15,15,15,zz4_pair_0255,zz4_pair_0255,True
H1,256,15,15,16,16,zz4_pair_0256,zz4_pair_0256,True
H1,257,15,15,17,17,zz4_pair_0257,zz4_pair_0257,True
H1,258,15,15,18,18,zz4_pair_0258,zz4_pair_0258,True
H1,259,15,15,19,19,zz4_pair_0259,zz4_pair_0259,True
H1,260,15,15,20,20,zz4_pair_0260,zz4_pair_0260,True
H1,261,15,15,21,21,zz4_pair_0261,zz4_pair_0261,True
H1,262,15,15,22,22,zz4_pair_0262,zz4_pair_0262,True
H1,263,15,15,23,23,zz4_pair_0263,zz4_pair_0263,True
H1,264,16,16,16,16,zz4_pair_0264,zz4_pair_0264,True
H1,265,16,16,17,17,zz4_pair_0265,zz4_pair_0265,True
H1,266,16,16,18,18,zz4_pair_0266,zz4_pair_0266,True
H1,267,16,16,19,19,zz4_pair_0267,zz4_pair_0267,True
H1,268,16,16,20,20,zz4_pair_0268,zz4_pair_0268,True
H1,269,16,16,21,21,zz4_pair_0269,zz4_pair_0269,True
H1,270,16,16,22,22,zz4_pair_0270,zz4_pair_0270,True
H1,271,16,16,23,23,zz4_pair_0271,zz4_pair_0271,True
H1,272,17,17,17,17,zz4_pair_0272,zz4_pair_0272,True
H1,273,17,17,18,18,zz4_pair_0273,zz4_pair_0273,True
H1,274,17,17,19,19,zz4_pair_0274,zz4_pair_0274,True
H1,275,17,17,20,20,zz4_pair_0275,zz4_pair_0275,True
H1,276,17,17,21,21,zz4_pair_0276,zz4_pair_0276,True
H1,277,17,17,22,22,zz4_pair_0277,zz4_pair_0277,True
H1,278,17,17,23,23,zz4_pair_0278,zz4_pair_0278,True
H1,279,18,18,18,18,zz4_pair_0279,zz4_pair_0279,True
H1,280,18,18,19,19,zz4_pair_0280,zz4_pair_0280,True
H1,281,18,18,20,20,zz4_pair_0281,zz4_pair_0281,True
H1,282,18,18,21,21,zz4_pair_0282,zz4_pair_0282,True
H1,283,18,18,22,22,zz4_pair_0283,zz4_pair_0283,True
H1,284,18,18,23,23,zz4_pair_0284,zz4_pair_0284,True
H1,285,19,19,19,19,zz4_pair_0285,zz4_pair_0285,True
H1,286,19,19,20,20,zz4_pair_0286,zz4_pair_0286,True
H1,287,19,19,21,21,zz4_pair_0287,zz4_pair_0287,True
H1,288,19,19,22,22,zz4_pair_0288,zz4_pair_0288,True
H1,289,19,19,23,23,zz4_pair_0289,zz4_pair_0289,True
H1,290,20,20,20,20,zz4_pair_0290,zz4_pair_0290,True
H1,291,20,20,21,21,zz4_pair_0291,zz4_pair_0291,True
H1,292,20,20,22,22,zz4_pair_0292,zz4_pair_0292,True
H1,293,20,20,23,23,zz4_pair_0293,zz4_pair_0293,True
H1,294,21,21,21,21,zz4_pair_0294,zz4_pair_0294,True
H1,295,21,21,22,22,zz4_pair_0295,zz4_pair_0295,True
H1,296,21,21,23,23,zz4_pair_0296,zz4_pair_0296,True
H1,297,22,22,22,22,zz4_pair_0297,zz4_pair_0297,True
H1,298,22,22,23,23,zz4_pair_0298,zz4_pair_0298,True
H1,299,23,23,23,23,zz4_pair_0299,zz4_pair_0299,True
H2,0,0,0,0,0,zz4_pair_0000,zz4_pair_0000,True
H2,1,0,0,1,1,zz4_pair_0001,zz4_pair_0001,True
H2,2,0,0,2,2,zz4_pair_0002,zz4_pair_0002,True
H2,3,0,0,3,3,zz4_pair_0003,zz4_pair_0003,True
H2,4,0,0,4,4,zz4_pair_0004,zz4_pair_0004,True
H2,5,0,0,5,5,zz4_pair_0005,zz4_pair_0005,True
H2,6,0,0,6,6,zz4_pair_0006,zz4_pair_0006,True
H2,7,0,0,7,7,zz4_pair_0007,zz4_pair_0007,True
H2,8,0,0,8,8,zz4_pair_0008,zz4_pair_0008,True
H2,9,0,0,9,9,zz4_pair_0009,zz4_pair_0009,True
H2,10,0,0,10,10,zz4_pair_0010,zz4_pair_0010,True
H2,11,0,0,11,11,zz4_pair_0011,zz4_pair_0011,True
H2,12,0,0,12,12,zz4_pair_0012,zz4_pair_0012,True
H2,13,0,0,13,13,zz4_pair_0013,zz4_pair_0013,True
H2,14,0,0,14,14,zz4_pair_0014,zz4_pair_0014,True
H2,15,0,0,15,15,zz4_pair_0015,zz4_pair_0015,True
H2,16,0,0,16,16,zz4_pair_0016,zz4_pair_0016,True
H2,17,0,0,17,17,zz4_pair_0017,zz4_pair_0017,True
H2,18,0,0,18,18,zz4_pair_0018,zz4_pair_0018,True
H2,19,0,0,19,19,zz4_pair_0019,zz4_pair_0019,True
H2,20,0,0,20,20,zz4_pair_0020,zz4_pair_0020,True
H2,21,0,0,21,21,zz4_pair_0021,zz4_pair_0021,True
H2,22,0,0,22,22,zz4_pair_0022,zz4_pair_0022,True
H2,23,0,0,23,23,zz4_pair_0023,zz4_pair_0023,True
H2,24,1,1,1,1,zz4_pair_0024,zz4_pair_0024,True
H2,25,1,1,2,2,zz4_pair_0025,zz4_pair_0025,True
H2,26,1,1,3,3,zz4_pair_0026,zz4_pair_0026,True
H2,27,1,1,4,4,zz4_pair_0027,zz4_pair_0027,True
H2,28,1,1,5,5,zz4_pair_0028,zz4_pair_0028,True
H2,29,1,1,6,6,zz4_pair_0029,zz4_pair_0029,True
H2,30,1,1,7,7,zz4_pair_0030,zz4_pair_0030,True
H2,31,1,1,8,8,zz4_pair_0031,zz4_pair_0031,True
H2,32,1,1,9,9,zz4_pair_0032,zz4_pair_0032,True
H2,33,1,1,10,10,zz4_pair_0033,zz4_pair_0033,True
H2,34,1,1,11,11,zz4_pair_0034,zz4_pair_0034,True
H2,35,1,1,12,12,zz4_pair_0035,zz4_pair_0035,True
H2,36,1,1,13,13,zz4_pair_0036,zz4_pair_0036,True
H2,37,1,1,14,14,zz4_pair_0037,zz4_pair_0037,True
H2,38,1,1,15,15,zz4_pair_0038,zz4_pair_0038,True
H2,39,1,1,16,16,zz4_pair_0039,zz4_pair_0039,True
H2,40,1,1,17,17,zz4_pair_0040,zz4_pair_0040,True
H2,41,1,1,18,18,zz4_pair_0041,zz4_pair_0041,True
H2,42,1,1,19,19,zz4_pair_0042,zz4_pair_0042,True
H2,43,1,1,20,20,zz4_pair_0043,zz4_pair_0043,True
H2,44,1,1,21,21,zz4_pair_0044,zz4_pair_0044,True
H2,45,1,1,22,22,zz4_pair_0045,zz4_pair_0045,True
H2,46,1,1,23,23,zz4_pair_0046,zz4_pair_0046,True
H2,47,2,2,2,2,zz4_pair_0047,zz4_pair_0047,True
H2,48,2,2,3,3,zz4_pair_0048,zz4_pair_0048,True
H2,49,2,2,4,4,zz4_pair_0049,zz4_pair_0049,True
H2,50,2,2,5,5,zz4_pair_0050,zz4_pair_0050,True
H2,51,2,2,6,6,zz4_pair_0051,zz4_pair_0051,True
H2,52,2,2,7,7,zz4_pair_0052,zz4_pair_0052,True
H2,53,2,2,8,8,zz4_pair_0053,zz4_pair_0053,True
H2,54,2,2,9,9,zz4_pair_0054,zz4_pair_0054,True
H2,55,2,2,10,10,zz4_pair_0055,zz4_pair_0055,True
H2,56,2,2,11,11,zz4_pair_0056,zz4_pair_0056,True
H2,57,2,2,12,12,zz4_pair_0057,zz4_pair_0057,True
H2,58,2,2,13,13,zz4_pair_0058,zz4_pair_0058,True
H2,59,2,2,14,14,zz4_pair_0059,zz4_pair_0059,True
H2,60,2,2,15,15,zz4_pair_0060,zz4_pair_0060,True
H2,61,2,2,16,16,zz4_pair_0061,zz4_pair_0061,True
H2,62,2,2,17,17,zz4_pair_0062,zz4_pair_0062,True
H2,63,2,2,18,18,zz4_pair_0063,zz4_pair_0063,True
H2,64,2,2,19,19,zz4_pair_0064,zz4_pair_0064,True
H2,65,2,2,20,20,zz4_pair_0065,zz4_pair_0065,True
H2,66,2,2,21,21,zz4_pair_0066,zz4_pair_0066,True
H2,67,2,2,22,22,zz4_pair_0067,zz4_pair_0067,True
H2,68,2,2,23,23,zz4_pair_0068,zz4_pair_0068,True
H2,69,3,3,3,3,zz4_pair_0069,zz4_pair_0069,True
H2,70,3,3,4,4,zz4_pair_0070,zz4_pair_0070,True
H2,71,3,3,5,5,zz4_pair_0071,zz4_pair_0071,True
H2,72,3,3,6,6,zz4_pair_0072,zz4_pair_0072,True
H2,73,3,3,7,7,zz4_pair_0073,zz4_pair_0073,True
H2,74,3,3,8,8,zz4_pair_0074,zz4_pair_0074,True
H2,75,3,3,9,9,zz4_pair_0075,zz4_pair_0075,True
H2,76,3,3,10,10,zz4_pair_0076,zz4_pair_0076,True
H2,77,3,3,11,11,zz4_pair_0077,zz4_pair_0077,True
H2,78,3,3,12,12,zz4_pair_0078,zz4_pair_0078,True
H2,79,3,3,13,13,zz4_pair_0079,zz4_pair_0079,True
H2,80,3,3,14,14,zz4_pair_0080,zz4_pair_0080,True
H2,81,3,3,15,15,zz4_pair_0081,zz4_pair_0081,True
H2,82,3,3,16,16,zz4_pair_0082,zz4_pair_0082,True
H2,83,3,3,17,17,zz4_pair_0083,zz4_pair_0083,True
H2,84,3,3,18,18,zz4_pair_0084,zz4_pair_0084,True
H2,85,3,3,19,19,zz4_pair_0085,zz4_pair_0085,True
H2,86,3,3,20,20,zz4_pair_0086,zz4_pair_0086,True
H2,87,3,3,21,21,zz4_pair_0087,zz4_pair_0087,True
H2,88,3,3,22,22,zz4_pair_0088,zz4_pair_0088,True
H2,89,3,3,23,23,zz4_pair_0089,zz4_pair_0089,True
H2,90,4,4,4,4,zz4_pair_0090,zz4_pair_0090,True
H2,91,4,4,5,5,zz4_pair_0091,zz4_pair_0091,True
H2,92,4,4,6,6,zz4_pair_0092,zz4_pair_0092,True
H2,93,4,4,7,7,zz4_pair_0093,zz4_pair_0093,True
H2,94,4,4,8,8,zz4_pair_0094,zz4_pair_0094,True
H2,95,4,4,9,9,zz4_pair_0095,zz4_pair_0095,True
H2,96,4,4,10,10,zz4_pair_0096,zz4_pair_0096,True
H2,97,4,4,11,11,zz4_pair_0097,zz4_pair_0097,True
H2,98,4,4,12,12,zz4_pair_0098,zz4_pair_0098,True
H2,99,4,4,13,13,zz4_pair_0099,zz4_pair_0099,True
H2,100,4,4,14,14,zz4_pair_0100,zz4_pair_0100,True
H2,101,4,4,15,15,zz4_pair_0101,zz4_pair_0101,True
H2,102,4,4,16,16,zz4_pair_0102,zz4_pair_0102,True
H2,103,4,4,17,17,zz4_pair_0103,zz4_pair_0103,True
H2,104,4,4,18,18,zz4_pair_0104,zz4_pair_0104,True
H2,105,4,4,19,19,zz4_pair_0105,zz4_pair_0105,True
H2,106,4,4,20,20,zz4_pair_0106,zz4_pair_0106,True
H2,107,4,4,21,21,zz4_pair_0107,zz4_pair_0107,True
H2,108,4,4,22,22,zz4_pair_0108,zz4_pair_0108,True
H2,109,4,4,23,23,zz4_pair_0109,zz4_pair_0109,True
H2,110,5,5,5,5,zz4_pair_0110,zz4_pair_0110,True
H2,111,5,5,6,6,zz4_pair_0111,zz4_pair_0111,True
H2,112,5,5,7,7,zz4_pair_0112,zz4_pair_0112,True
H2,113,5,5,8,8,zz4_pair_0113,zz4_pair_0113,True
H2,114,5,5,9,9,zz4_pair_0114,zz4_pair_0114,True
H2,115,5,5,10,10,zz4_pair_0115,zz4_pair_0115,True
H2,116,5,5,11,11,zz4_pair_0116,zz4_pair_0116,True
H2,117,5,5,12,12,zz4_pair_0117,zz4_pair_0117,True
H2,118,5,5,13,13,zz4_pair_0118,zz4_pair_0118,True
H2,119,5,5,14,14,zz4_pair_0119,zz4_pair_0119,True
H2,120,5,5,15,15,zz4_pair_0120,zz4_pair_0120,True
H2,121,5,5,16,16,zz4_pair_0121,zz4_pair_0121,True
H2,122,5,5,17,17,zz4_pair_0122,zz4_pair_0122,True
H2,123,5,5,18,18,zz4_pair_0123,zz4_pair_0123,True
H2,124,5,5,19,19,zz4_pair_0124,zz4_pair_0124,True
H2,125,5,5,20,20,zz4_pair_0125,zz4_pair_0125,True
H2,126,5,5,21,21,zz4_pair_0126,zz4_pair_0126,True
H2,127,5,5,22,22,zz4_pair_0127,zz4_pair_0127,True
H2,128,5,5,23,23,zz4_pair_0128,zz4_pair_0128,True
H2,129,6,6,6,6,zz4_pair_0129,zz4_pair_0129,True
H2,130,6,6,7,7,zz4_pair_0130,zz4_pair_0130,True
H2,131,6,6,8,8,zz4_pair_0131,zz4_pair_0131,True
H2,132,6,6,9,9,zz4_pair_0132,zz4_pair_0132,True
H2,133,6,6,10,10,zz4_pair_0133,zz4_pair_0133,True
H2,134,6,6,11,11,zz4_pair_0134,zz4_pair_0134,True
H2,135,6,6,12,12,zz4_pair_0135,zz4_pair_0135,True
H2,136,6,6,13,13,zz4_pair_0136,zz4_pair_0136,True
H2,137,6,6,14,14,zz4_pair_0137,zz4_pair_0137,True
H2,138,6,6,15,15,zz4_pair_0138,zz4_pair_0138,True
H2,139,6,6,16,16,zz4_pair_0139,zz4_pair_0139,True
H2,140,6,6,17,17,zz4_pair_0140,zz4_pair_0140,True
H2,141,6,6,18,18,zz4_pair_0141,zz4_pair_0141,True
H2,142,6,6,19,19,zz4_pair_0142,zz4_pair_0142,True
H2,143,6,6,20,20,zz4_pair_0143,zz4_pair_0143,True
H2,144,6,6,21,21,zz4_pair_0144,zz4_pair_0144,True
H2,145,6,6,22,22,zz4_pair_0145,zz4_pair_0145,True
H2,146,6,6,23,23,zz4_pair_0146,zz4_pair_0146,True
H2,147,7,7,7,7,zz4_pair_0147,zz4_pair_0147,True
H2,148,7,7,8,8,zz4_pair_0148,zz4_pair_0148,True
H2,149,7,7,9,9,zz4_pair_0149,zz4_pair_0149,True
H2,150,7,7,10,10,zz4_pair_0150,zz4_pair_0150,True
H2,151,7,7,11,11,zz4_pair_0151,zz4_pair_0151,True
H2,152,7,7,12,12,zz4_pair_0152,zz4_pair_0152,True
H2,153,7,7,13,13,zz4_pair_0153,zz4_pair_0153,True
H2,154,7,7,14,14,zz4_pair_0154,zz4_pair_0154,True
H2,155,7,7,15,15,zz4_pair_0155,zz4_pair_0155,True
H2,156,7,7,16,16,zz4_pair_0156,zz4_pair_0156,True
H2,157,7,7,17,17,zz4_pair_0157,zz4_pair_0157,True
H2,158,7,7,18,18,zz4_pair_0158,zz4_pair_0158,True
H2,159,7,7,19,19,zz4_pair_0159,zz4_pair_0159,True
H2,160,7,7,20,20,zz4_pair_0160,zz4_pair_0160,True
H2,161,7,7,21,21,zz4_pair_0161,zz4_pair_0161,True
H2,162,7,7,22,22,zz4_pair_0162,zz4_pair_0162,True
H2,163,7,7,23,23,zz4_pair_0163,zz4_pair_0163,True
H2,164,8,8,8,8,zz4_pair_0164,zz4_pair_0164,True
H2,165,8,8,9,9,zz4_pair_0165,zz4_pair_0165,True
H2,166,8,8,10,10,zz4_pair_0166,zz4_pair_0166,True
H2,167,8,8,11,11,zz4_pair_0167,zz4_pair_0167,True
H2,168,8,8,12,12,zz4_pair_0168,zz4_pair_0168,True
H2,169,8,8,13,13,zz4_pair_0169,zz4_pair_0169,True
H2,170,8,8,14,14,zz4_pair_0170,zz4_pair_0170,True
H2,171,8,8,15,15,zz4_pair_0171,zz4_pair_0171,True
H2,172,8,8,16,16,zz4_pair_0172,zz4_pair_0172,True
H2,173,8,8,17,17,zz4_pair_0173,zz4_pair_0173,True
H2,174,8,8,18,18,zz4_pair_0174,zz4_pair_0174,True
H2,175,8,8,19,19,zz4_pair_0175,zz4_pair_0175,True
H2,176,8,8,20,20,zz4_pair_0176,zz4_pair_0176,True
H2,177,8,8,21,21,zz4_pair_0177,zz4_pair_0177,True
H2,178,8,8,22,22,zz4_pair_0178,zz4_pair_0178,True
H2,179,8,8,23,23,zz4_pair_0179,zz4_pair_0179,True
H2,180,9,9,9,9,zz4_pair_0180,zz4_pair_0180,True
H2,181,9,9,10,10,zz4_pair_0181,zz4_pair_0181,True
H2,182,9,9,11,11,zz4_pair_0182,zz4_pair_0182,True
H2,183,9,9,12,12,zz4_pair_0183,zz4_pair_0183,True
H2,184,9,9,13,13,zz4_pair_0184,zz4_pair_0184,True
H2,185,9,9,14,14,zz4_pair_0185,zz4_pair_0185,True
H2,186,9,9,15,15,zz4_pair_0186,zz4_pair_0186,True
H2,187,9,9,16,16,zz4_pair_0187,zz4_pair_0187,True
H2,188,9,9,17,17,zz4_pair_0188,zz4_pair_0188,True
H2,189,9,9,18,18,zz4_pair_0189,zz4_pair_0189,True
H2,190,9,9,19,19,zz4_pair_0190,zz4_pair_0190,True
H2,191,9,9,20,20,zz4_pair_0191,zz4_pair_0191,True
H2,192,9,9,21,21,zz4_pair_0192,zz4_pair_0192,True
H2,193,9,9,22,22,zz4_pair_0193,zz4_pair_0193,True
H2,194,9,9,23,23,zz4_pair_0194,zz4_pair_0194,True
H2,195,10,10,10,10,zz4_pair_0195,zz4_pair_0195,True
H2,196,10,10,11,11,zz4_pair_0196,zz4_pair_0196,True
H2,197,10,10,12,12,zz4_pair_0197,zz4_pair_0197,True
H2,198,10,10,13,13,zz4_pair_0198,zz4_pair_0198,True
H2,199,10,10,14,14,zz4_pair_0199,zz4_pair_0199,True
H2,200,10,10,15,15,zz4_pair_0200,zz4_pair_0200,True
H2,201,10,10,16,16,zz4_pair_0201,zz4_pair_0201,True
H2,202,10,10,17,17,zz4_pair_0202,zz4_pair_0202,True
H2,203,10,10,18,18,zz4_pair_0203,zz4_pair_0203,True
H2,204,10,10,19,19,zz4_pair_0204,zz4_pair_0204,True
H2,205,10,10,20,20,zz4_pair_0205,zz4_pair_0205,True
H2,206,10,10,21,21,zz4_pair_0206,zz4_pair_0206,True
H2,207,10,10,22,22,zz4_pair_0207,zz4_pair_0207,True
H2,208,10,10,23,23,zz4_pair_0208,zz4_pair_0208,True
H2,209,11,11,11,11,zz4_pair_0209,zz4_pair_0209,True
H2,210,11,11,12,12,zz4_pair_0210,zz4_pair_0210,True
H2,211,11,11,13,13,zz4_pair_0211,zz4_pair_0211,True
H2,212,11,11,14,14,zz4_pair_0212,zz4_pair_0212,True
H2,213,11,11,15,15,zz4_pair_0213,zz4_pair_0213,True
H2,214,11,11,16,16,zz4_pair_0214,zz4_pair_0214,True
H2,215,11,11,17,17,zz4_pair_0215,zz4_pair_0215,True
H2,216,11,11,18,18,zz4_pair_0216,zz4_pair_0216,True
H2,217,11,11,19,19,zz4_pair_0217,zz4_pair_0217,True
H2,218,11,11,20,20,zz4_pair_0218,zz4_pair_0218,True
H2,219,11,11,21,21,zz4_pair_0219,zz4_pair_0219,True
H2,220,11,11,22,22,zz4_pair_0220,zz4_pair_0220,True
H2,221,11,11,23,23,zz4_pair_0221,zz4_pair_0221,True
H2,222,12,12,12,12,zz4_pair_0222,zz4_pair_0222,True
H2,223,12,12,13,13,zz4_pair_0223,zz4_pair_0223,True
H2,224,12,12,14,14,zz4_pair_0224,zz4_pair_0224,True
H2,225,12,12,15,15,zz4_pair_0225,zz4_pair_0225,True
H2,226,12,12,16,16,zz4_pair_0226,zz4_pair_0226,True
H2,227,12,12,17,17,zz4_pair_0227,zz4_pair_0227,True
H2,228,12,12,18,18,zz4_pair_0228,zz4_pair_0228,True
H2,229,12,12,19,19,zz4_pair_0229,zz4_pair_0229,True
H2,230,12,12,20,20,zz4_pair_0230,zz4_pair_0230,True
H2,231,12,12,21,21,zz4_pair_0231,zz4_pair_0231,True
H2,232,12,12,22,22,zz4_pair_0232,zz4_pair_0232,True
H2,233,12,12,23,23,zz4_pair_0233,zz4_pair_0233,True
H2,234,13,13,13,13,zz4_pair_0234,zz4_pair_0234,True
H2,235,13,13,14,14,zz4_pair_0235,zz4_pair_0235,True
H2,236,13,13,15,15,zz4_pair_0236,zz4_pair_0236,True
H2,237,13,13,16,16,zz4_pair_0237,zz4_pair_0237,True
H2,238,13,13,17,17,zz4_pair_0238,zz4_pair_0238,True
H2,239,13,13,18,18,zz4_pair_0239,zz4_pair_0239,True
H2,240,13,13,19,19,zz4_pair_0240,zz4_pair_0240,True
H2,241,13,13,20,20,zz4_pair_0241,zz4_pair_0241,True
H2,242,13,13,21,21,zz4_pair_0242,zz4_pair_0242,True
H2,243,13,13,22,22,zz4_pair_0243,zz4_pair_0243,True
H2,244,13,13,23,23,zz4_pair_0244,zz4_pair_0244,True
H2,245,14,14,14,14,zz4_pair_0245,zz4_pair_0245,True
H2,246,14,14,15,15,zz4_pair_0246,zz4_pair_0246,True
H2,247,14,14,16,16,zz4_pair_0247,zz4_pair_0247,True
H2,248,14,14,17,17,zz4_pair_0248,zz4_pair_0248,True
H2,249,14,14,18,18,zz4_pair_0249,zz4_pair_0249,True
H2,250,14,14,19,19,zz4_pair_0250,zz4_pair_0250,True
H2,251,14,14,20,20,zz4_pair_0251,zz4_pair_0251,True
H2,252,14,14,21,21,zz4_pair_0252,zz4_pair_0252,True
H2,253,14,14,22,22,zz4_pair_0253,zz4_pair_0253,True
H2,254,14,14,23,23,zz4_pair_0254,zz4_pair_0254,True
H2,255,15,15,15,15,zz4_pair_0255,zz4_pair_0255,True
H2,256,15,15,16,16,zz4_pair_0256,zz4_pair_0256,True
H2,257,15,15,17,17,zz4_pair_0257,zz4_pair_0257,True
H2,258,15,15,18,18,zz4_pair_0258,zz4_pair_0258,True
H2,259,15,15,19,19,zz4_pair_0259,zz4_pair_0259,True
H2,260,15,15,20,20,zz4_pair_0260,zz4_pair_0260,True
H2,261,15,15,21,21,zz4_pair_0261,zz4_pair_0261,True
H2,262,15,15,22,22,zz4_pair_0262,zz4_pair_0262,True
H2,263,15,15,23,23,zz4_pair_0263,zz4_pair_0263,True
H2,264,16,16,16,16,zz4_pair_0264,zz4_pair_0264,True
H2,265,16,16,17,17,zz4_pair_0265,zz4_pair_0265,True
H2,266,16,16,18,18,zz4_pair_0266,zz4_pair_0266,True
H2,267,16,16,19,19,zz4_pair_0267,zz4_pair_0267,True
H2,268,16,16,20,20,zz4_pair_0268,zz4_pair_0268,True
H2,269,16,16,21,21,zz4_pair_0269,zz4_pair_0269,True
H2,270,16,16,22,22,zz4_pair_0270,zz4_pair_0270,True
H2,271,16,16,23,23,zz4_pair_0271,zz4_pair_0271,True
H2,272,17,17,17,17,zz4_pair_0272,zz4_pair_0272,True
H2,273,17,17,18,18,zz4_pair_0273,zz4_pair_0273,True
H2,274,17,17,19,19,zz4_pair_0274,zz4_pair_0274,True
H2,275,17,17,20,20,zz4_pair_0275,zz4_pair_0275,True
H2,276,17,17,21,21,zz4_pair_0276,zz4_pair_0276,True
H2,277,17,17,22,22,zz4_pair_0277,zz4_pair_0277,True
H2,278,17,17,23,23,zz4_pair_0278,zz4_pair_0278,True
H2,279,18,18,18,18,zz4_pair_0279,zz4_pair_0279,True
H2,280,18,18,19,19,zz4_pair_0280,zz4_pair_0280,True
H2,281,18,18,20,20,zz4_pair_0281,zz4_pair_0281,True
H2,282,18,18,21,21,zz4_pair_0282,zz4_pair_0282,True
H2,283,18,18,22,22,zz4_pair_0283,zz4_pair_0283,True
H2,284,18,18,23,23,zz4_pair_0284,zz4_pair_0284,True
H2,285,19,19,19,19,zz4_pair_0285,zz4_pair_0285,True
H2,286,19,19,20,20,zz4_pair_0286,zz4_pair_0286,True
H2,287,19,19,21,21,zz4_pair_0287,zz4_pair_0287,True
H2,288,19,19,22,22,zz4_pair_0288,zz4_pair_0288,True
H2,289,19,19,23,23,zz4_pair_0289,zz4_pair_0289,True
H2,290,20,20,20,20,zz4_pair_0290,zz4_pair_0290,True
H2,291,20,20,21,21,zz4_pair_0291,zz4_pair_0291,True
H2,292,20,20,22,22,zz4_pair_0292,zz4_pair_0292,True
H2,293,20,20,23,23,zz4_pair_0293,zz4_pair_0293,True
H2,294,21,21,21,21,zz4_pair_0294,zz4_pair_0294,True
H2,295,21,21,22,22,zz4_pair_0295,zz4_pair_0295,True
H2,296,21,21,23,23,zz4_pair_0296,zz4_pair_0296,True
H2,297,22,22,22,22,zz4_pair_0297,zz4_pair_0297,True
H2,298,22,22,23,23,zz4_pair_0298,zz4_pair_0298,True
H2,299,23,23,23,23,zz4_pair_0299,zz4_pair_0299,True
